,0,0,1
0,No,1.0,0.0
1,No,1.0,0.0
2,No,1.0,0.0
3,No,0.4,0.6
4,No,0.8,0.2
5,No,0.4,0.6
6,Yes,0.8,0.2
7,No,0.6,0.4
8,No,0.8,0.2
9,No,1.0,0.0
10,No,0.8,0.2
11,No,0.4,0.6
12,No,0.8,0.2
13,No,0.8,0.2
14,Yes,0.0,1.0
15,No,0.0,1.0
16,No,0.8,0.2
17,No,0.4,0.6
18,No,0.8,0.2
19,No,0.8,0.2
20,Yes,1.0,0.0
21,No,0.8,0.2
22,No,1.0,0.0
23,No,1.0,0.0
24,Yes,1.0,0.0
25,No,1.0,0.0
26,Yes,0.6,0.4
27,No,0.6,0.4
28,No,0.8,0.2
29,No,0.6,0.4
30,No,1.0,0.0
31,No,1.0,0.0
32,No,0.4,0.6
33,No,0.2,0.8
34,No,0.8,0.2
35,No,1.0,0.0
36,No,0.4,0.6
37,Yes,1.0,0.0
38,No,1.0,0.0
39,No,0.4,0.6
40,No,1.0,0.0
41,No,1.0,0.0
42,No,0.4,0.6
43,No,1.0,0.0
44,Yes,1.0,0.0
45,No,0.4,0.6
46,No,0.6,0.4
47,No,0.6,0.4
48,No,0.4,0.6
49,No,0.4,0.6
50,Yes,0.6,0.4
51,No,1.0,0.0
52,No,1.0,0.0
53,Yes,0.8,0.2
54,No,0.8,0.2
55,No,0.4,0.6
56,No,0.6,0.4
57,No,1.0,0.0
58,No,0.4,0.6
59,No,1.0,0.0
60,No,0.0,1.0
61,No,1.0,0.0
62,No,0.8,0.2
63,No,0.8,0.2
64,No,1.0,0.0
65,Yes,0.8,0.2
66,No,0.8,0.2
67,No,0.6,0.4
68,No,0.6,0.4
69,No,0.8,0.2
70,No,1.0,0.0
71,Yes,0.4,0.6
72,No,0.8,0.2
73,No,0.6,0.4
74,No,0.8,0.2
75,No,0.0,1.0
76,No,1.0,0.0
77,No,1.0,0.0
78,No,0.6,0.4
79,No,0.8,0.2
80,No,1.0,0.0
81,No,0.8,0.2
82,No,0.8,0.2
83,No,0.8,0.2
84,No,0.8,0.2
85,No,1.0,0.0
86,No,1.0,0.0
87,No,1.0,0.0
88,No,0.6,0.4
89,Yes,0.4,0.6
90,No,0.4,0.6
91,Yes,0.8,0.2
92,No,0.8,0.2
93,Yes,1.0,0.0
94,Yes,0.4,0.6
95,No,1.0,0.0
96,No,1.0,0.0
97,No,0.4,0.6
98,No,0.6,0.4
99,No,0.4,0.6
100,No,1.0,0.0
101,No,0.2,0.8
102,No,0.8,0.2
103,No,0.8,0.2
104,Yes,0.6,0.4
105,No,1.0,0.0
106,No,1.0,0.0
107,Yes,0.6,0.4
108,No,0.2,0.8
109,No,0.8,0.2
110,No,1.0,0.0
111,No,1.0,0.0
112,No,0.4,0.6
113,No,1.0,0.0
114,No,1.0,0.0
115,No,1.0,0.0
116,No,0.8,0.2
117,No,1.0,0.0
118,Yes,1.0,0.0
119,No,0.6,0.4
120,Yes,0.8,0.2
121,No,0.8,0.2
122,No,0.0,1.0
123,No,1.0,0.0
124,No,0.6,0.4
125,No,0.4,0.6
126,Yes,0.8,0.2
127,Yes,1.0,0.0
128,Yes,0.8,0.2
129,No,0.2,0.8
130,No,1.0,0.0
131,No,1.0,0.0
132,No,0.0,1.0
133,No,1.0,0.0
134,No,1.0,0.0
135,No,0.2,0.8
136,No,0.2,0.8
137,No,1.0,0.0
138,No,0.8,0.2
139,No,1.0,0.0
140,No,1.0,0.0
141,No,0.8,0.2
142,No,1.0,0.0
143,No,0.8,0.2
144,No,0.2,0.8
145,Yes,0.8,0.2
146,No,0.6,0.4
147,No,1.0,0.0
148,No,0.8,0.2
149,No,1.0,0.0
150,Yes,0.6,0.4
151,Yes,0.8,0.2
152,Yes,1.0,0.0
153,No,0.6,0.4
154,No,0.0,1.0
155,No,0.8,0.2
156,Yes,0.4,0.6
157,No,0.6,0.4
158,No,0.8,0.2
159,No,0.0,1.0
160,No,1.0,0.0
161,No,0.4,0.6
162,No,0.4,0.6
163,No,0.8,0.2
164,No,0.8,0.2
165,Yes,0.2,0.8
166,No,0.8,0.2
167,No,1.0,0.0
168,Yes,0.2,0.8
169,No,0.6,0.4
170,No,0.4,0.6
171,No,0.8,0.2
172,No,0.8,0.2
173,No,0.2,0.8
174,Yes,0.6,0.4
175,No,0.6,0.4
176,No,0.8,0.2
177,No,0.2,0.8
178,No,0.8,0.2
179,No,0.6,0.4
180,No,0.8,0.2
181,Yes,0.6,0.4
182,No,1.0,0.0
183,No,1.0,0.0
184,No,1.0,0.0
185,Yes,1.0,0.0
186,No,1.0,0.0
187,No,1.0,0.0
188,No,0.8,0.2
189,No,0.2,0.8
190,No,0.4,0.6
191,No,0.6,0.4
192,No,0.6,0.4
193,No,0.8,0.2
194,No,0.0,1.0
195,No,0.8,0.2
196,No,1.0,0.0
197,No,1.0,0.0
198,No,1.0,0.0
199,No,0.8,0.2
200,No,1.0,0.0
201,No,0.6,0.4
202,No,0.4,0.6
203,No,0.8,0.2
204,No,1.0,0.0
205,No,1.0,0.0
206,No,0.6,0.4
207,No,0.2,0.8
208,No,0.4,0.6
209,No,1.0,0.0
210,No,0.2,0.8
211,No,1.0,0.0
212,No,0.4,0.6
213,No,0.8,0.2
214,No,0.8,0.2
215,No,1.0,0.0
216,No,0.4,0.6
217,No,0.8,0.2
218,No,0.8,0.2
219,No,0.8,0.2
220,No,0.4,0.6
221,No,0.6,0.4
222,No,0.8,0.2
223,No,0.4,0.6
224,No,1.0,0.0
225,Yes,1.0,0.0
226,No,1.0,0.0
227,No,0.8,0.2
228,No,0.2,0.8
229,No,1.0,0.0
230,No,0.4,0.6
231,No,0.8,0.2
232,No,0.8,0.2
233,No,0.2,0.8
234,No,0.4,0.6
235,No,0.4,0.6
236,No,1.0,0.0
237,No,0.8,0.2
238,No,1.0,0.0
239,No,0.8,0.2
240,No,0.8,0.2
241,No,1.0,0.0
242,No,1.0,0.0
243,No,1.0,0.0
244,No,1.0,0.0
245,No,0.6,0.4
246,No,1.0,0.0
247,No,0.8,0.2
248,No,0.6,0.4
249,No,0.6,0.4
250,No,1.0,0.0
251,No,0.4,0.6
252,No,0.8,0.2
253,No,0.8,0.2
254,No,1.0,0.0
255,No,1.0,0.0
256,No,1.0,0.0
257,Yes,0.8,0.2
258,No,0.8,0.2
259,No,0.8,0.2
260,No,0.8,0.2
261,No,0.0,1.0
262,No,0.8,0.2
263,No,1.0,0.0
264,No,1.0,0.0
265,No,0.4,0.6
266,No,0.4,0.6
267,No,0.8,0.2
268,Yes,0.2,0.8
269,No,1.0,0.0
270,No,0.6,0.4
271,No,1.0,0.0
272,No,1.0,0.0
273,Yes,1.0,0.0
274,No,0.6,0.4
275,No,0.2,0.8
276,No,0.6,0.4
277,No,1.0,0.0
278,No,0.4,0.6
279,No,1.0,0.0
280,No,0.6,0.4
281,No,1.0,0.0
282,No,1.0,0.0
283,No,0.8,0.2
284,Yes,0.8,0.2
285,No,1.0,0.0
286,No,1.0,0.0
287,Yes,0.6,0.4
288,Yes,1.0,0.0
289,No,1.0,0.0
290,No,0.8,0.2
291,No,0.2,0.8
292,No,1.0,0.0
293,No,1.0,0.0
294,No,1.0,0.0
295,No,1.0,0.0
296,No,0.8,0.2
297,No,1.0,0.0
298,No,1.0,0.0
299,No,0.4,0.6
300,No,0.8,0.2
301,No,0.6,0.4
302,No,0.6,0.4
303,No,1.0,0.0
304,No,0.2,0.8
305,No,0.4,0.6
306,Yes,0.8,0.2
307,No,1.0,0.0
308,Yes,1.0,0.0
309,Yes,0.6,0.4
310,Yes,1.0,0.0
311,No,0.8,0.2
312,No,1.0,0.0
313,Yes,1.0,0.0
314,No,0.2,0.8
315,No,1.0,0.0
316,No,1.0,0.0
317,No,1.0,0.0
318,No,0.0,1.0
319,No,1.0,0.0
320,No,0.8,0.2
321,No,0.2,0.8
322,No,1.0,0.0
323,No,0.4,0.6
324,No,0.4,0.6
325,No,0.0,1.0
326,Yes,1.0,0.0
327,No,0.4,0.6
328,No,0.2,0.8
329,No,1.0,0.0
330,No,0.8,0.2
331,No,0.2,0.8
332,No,1.0,0.0
333,No,0.6,0.4
334,No,0.2,0.8
335,No,1.0,0.0
336,No,0.2,0.8
337,No,0.2,0.8
338,No,0.8,0.2
339,No,0.4,0.6
340,No,0.8,0.2
341,No,0.8,0.2
342,No,1.0,0.0
343,Yes,1.0,0.0
344,No,1.0,0.0
345,No,0.0,1.0
346,No,1.0,0.0
347,Yes,0.6,0.4
348,Yes,1.0,0.0
349,Yes,0.8,0.2
350,No,1.0,0.0
351,No,1.0,0.0
352,Yes,1.0,0.0
353,No,1.0,0.0
354,No,0.4,0.6
355,No,0.6,0.4
356,No,0.8,0.2
357,No,1.0,0.0
358,No,0.2,0.8
359,Yes,0.4,0.6
360,No,0.8,0.2
361,No,1.0,0.0
362,Yes,0.6,0.4
363,No,1.0,0.0
364,No,0.4,0.6
365,No,0.8,0.2
366,No,1.0,0.0
367,No,0.4,0.6
368,No,0.6,0.4
369,No,1.0,0.0
370,No,0.6,0.4
371,Yes,0.6,0.4
372,No,0.4,0.6
373,No,1.0,0.0
374,Yes,0.6,0.4
375,No,0.6,0.4
376,No,0.4,0.6
377,No,0.8,0.2
378,No,1.0,0.0
379,No,0.6,0.4
380,No,0.6,0.4
381,No,0.6,0.4
382,No,0.4,0.6
383,No,0.8,0.2
384,No,1.0,0.0
385,No,0.8,0.2
386,No,1.0,0.0
387,No,0.8,0.2
388,No,0.6,0.4
389,No,0.6,0.4
390,No,0.8,0.2
391,No,0.8,0.2
392,No,1.0,0.0
393,No,1.0,0.0
394,No,0.6,0.4
395,No,0.4,0.6
396,Yes,1.0,0.0
397,No,0.6,0.4
398,No,0.8,0.2
399,No,1.0,0.0
400,No,1.0,0.0
401,No,1.0,0.0
402,No,0.0,1.0
403,No,0.8,0.2
404,No,0.0,1.0
405,No,1.0,0.0
406,Yes,1.0,0.0
407,No,0.6,0.4
408,Yes,1.0,0.0
409,No,0.6,0.4
410,No,1.0,0.0
411,No,0.8,0.2
412,No,0.8,0.2
413,No,1.0,0.0
414,No,0.8,0.2
415,No,0.6,0.4
416,No,0.8,0.2
417,No,1.0,0.0
418,No,0.6,0.4
419,No,0.2,0.8
420,No,0.8,0.2
421,No,0.6,0.4
422,No,0.8,0.2
423,No,0.2,0.8
424,Yes,0.8,0.2
425,No,0.2,0.8
426,No,1.0,0.0
427,No,0.8,0.2
428,Yes,0.8,0.2
429,No,0.6,0.4
430,No,0.2,0.8
431,No,1.0,0.0
432,No,0.8,0.2
433,No,0.4,0.6
434,No,0.8,0.2
435,No,0.6,0.4
436,Yes,0.2,0.8
437,No,0.8,0.2
438,No,1.0,0.0
439,No,0.2,0.8
440,No,1.0,0.0
441,No,0.4,0.6
442,No,1.0,0.0
443,Yes,1.0,0.0
444,No,0.8,0.2
445,No,0.4,0.6
446,No,1.0,0.0
447,No,1.0,0.0
448,No,1.0,0.0
449,Yes,1.0,0.0
450,No,0.4,0.6
451,No,0.6,0.4
452,Yes,0.8,0.2
453,No,1.0,0.0
454,No,1.0,0.0
455,No,0.6,0.4
456,No,0.6,0.4
457,No,0.2,0.8
458,Yes,1.0,0.0
459,No,1.0,0.0
460,No,1.0,0.0
461,No,0.6,0.4
462,Yes,1.0,0.0
463,No,0.8,0.2
464,Yes,0.2,0.8
465,Yes,0.6,0.4
466,No,0.6,0.4
467,No,0.8,0.2
468,No,0.6,0.4
469,No,1.0,0.0
470,No,1.0,0.0
471,No,1.0,0.0
472,No,1.0,0.0
473,No,1.0,0.0
474,No,0.8,0.2
475,No,0.8,0.2
476,No,0.0,1.0
477,No,1.0,0.0
478,No,0.8,0.2
479,No,1.0,0.0
480,No,0.4,0.6
481,No,0.4,0.6
482,No,0.0,1.0
483,No,0.2,0.8
484,No,0.2,0.8
485,No,0.8,0.2
486,No,0.8,0.2
487,Yes,1.0,0.0
488,No,0.6,0.4
489,No,1.0,0.0
490,No,1.0,0.0
491,No,0.8,0.2
492,No,0.6,0.4
493,No,0.8,0.2
494,No,0.0,1.0
495,No,0.6,0.4
496,No,0.8,0.2
497,No,1.0,0.0
498,No,1.0,0.0
499,No,1.0,0.0
500,No,0.8,0.2
501,No,1.0,0.0
502,No,1.0,0.0
503,No,1.0,0.0
504,No,0.6,0.4
505,No,1.0,0.0
506,No,1.0,0.0
507,No,1.0,0.0
508,No,0.2,0.8
509,No,0.6,0.4
510,No,0.8,0.2
511,No,1.0,0.0
512,No,1.0,0.0
513,No,0.8,0.2
514,No,0.8,0.2
515,No,1.0,0.0
516,No,0.6,0.4
517,Yes,0.8,0.2
518,No,1.0,0.0
519,No,0.4,0.6
520,No,0.2,0.8
521,No,0.8,0.2
522,No,0.8,0.2
523,No,0.6,0.4
524,No,0.6,0.4
525,No,0.2,0.8
526,No,1.0,0.0
527,No,1.0,0.0
528,No,1.0,0.0
529,No,1.0,0.0
530,No,1.0,0.0
531,No,0.8,0.2
532,No,0.6,0.4
533,No,0.2,0.8
534,No,0.2,0.8
535,No,1.0,0.0
536,No,0.6,0.4
537,No,1.0,0.0
538,Yes,1.0,0.0
539,No,0.4,0.6
540,No,0.6,0.4
541,No,0.8,0.2
542,No,0.8,0.2
543,No,1.0,0.0
544,No,1.0,0.0
545,Yes,1.0,0.0
546,No,1.0,0.0
547,No,0.4,0.6
548,No,0.6,0.4
549,No,1.0,0.0
550,No,1.0,0.0
551,No,1.0,0.0
552,No,0.8,0.2
553,No,0.8,0.2
554,No,1.0,0.0
555,No,0.6,0.4
556,No,0.8,0.2
557,No,0.8,0.2
558,No,1.0,0.0
559,No,1.0,0.0
560,No,0.8,0.2
561,No,0.2,0.8
562,No,0.2,0.8
563,Yes,0.8,0.2
564,Yes,0.6,0.4
565,No,0.8,0.2
566,No,1.0,0.0
567,No,0.6,0.4
568,No,1.0,0.0
569,No,0.4,0.6
570,No,0.6,0.4
571,No,1.0,0.0
572,No,1.0,0.0
573,No,0.8,0.2
574,No,0.4,0.6
575,No,0.0,1.0
576,No,0.8,0.2
577,No,1.0,0.0
578,No,0.8,0.2
579,No,0.6,0.4
580,No,0.8,0.2
581,No,1.0,0.0
582,Yes,1.0,0.0
583,No,1.0,0.0
584,No,1.0,0.0
585,No,0.8,0.2
586,No,0.4,0.6
587,No,1.0,0.0
588,No,0.8,0.2
589,No,1.0,0.0
590,Yes,0.8,0.2
591,No,0.4,0.6
592,No,1.0,0.0
593,No,0.6,0.4
594,No,0.6,0.4
595,No,0.4,0.6
596,No,0.6,0.4
597,No,0.8,0.2
598,No,0.8,0.2
599,No,0.6,0.4
600,No,1.0,0.0
601,No,0.8,0.2
602,No,0.8,0.2
603,No,0.4,0.6
604,No,0.6,0.4
605,No,1.0,0.0
606,No,0.4,0.6
607,No,1.0,0.0
608,No,1.0,0.0
609,No,0.4,0.6
610,No,1.0,0.0
611,No,0.8,0.2
612,No,0.8,0.2
613,Yes,0.8,0.2
614,No,0.8,0.2
615,No,0.8,0.2
616,No,1.0,0.0
617,Yes,1.0,0.0
618,No,0.4,0.6
619,No,1.0,0.0
620,Yes,1.0,0.0
621,No,0.4,0.6
622,No,0.2,0.8
623,No,1.0,0.0
624,No,0.8,0.2
625,Yes,1.0,0.0
626,No,0.4,0.6
627,No,1.0,0.0
628,Yes,0.0,1.0
629,No,0.6,0.4
630,No,0.2,0.8
631,No,1.0,0.0
632,No,0.2,0.8
633,No,1.0,0.0
634,No,1.0,0.0
635,No,1.0,0.0
636,Yes,1.0,0.0
637,No,1.0,0.0
638,No,0.4,0.6
639,Yes,0.2,0.8
640,No,0.4,0.6
641,No,1.0,0.0
642,No,0.4,0.6
643,No,0.6,0.4
644,No,1.0,0.0
645,No,0.6,0.4
646,No,1.0,0.0
647,No,1.0,0.0
648,No,0.8,0.2
649,No,0.2,0.8
650,Yes,1.0,0.0
651,No,0.6,0.4
652,No,0.8,0.2
653,No,0.6,0.4
654,No,0.6,0.4
655,No,0.6,0.4
656,No,1.0,0.0
657,No,1.0,0.0
658,No,1.0,0.0
659,No,1.0,0.0
660,No,0.2,0.8
661,No,1.0,0.0
662,No,1.0,0.0
663,Yes,1.0,0.0
664,No,0.8,0.2
665,Yes,1.0,0.0
666,Yes,1.0,0.0
667,No,0.0,1.0
668,No,1.0,0.0
669,No,1.0,0.0
670,No,0.6,0.4
671,No,0.8,0.2
672,No,0.8,0.2
673,No,0.6,0.4
674,No,0.2,0.8
675,No,0.8,0.2
676,No,0.2,0.8
677,No,0.6,0.4
678,Yes,1.0,0.0
679,No,0.6,0.4
680,No,0.8,0.2
681,No,1.0,0.0
682,No,0.2,0.8
683,No,0.8,0.2
684,No,1.0,0.0
685,No,0.8,0.2
686,No,0.6,0.4
687,Yes,1.0,0.0
688,No,0.8,0.2
689,No,1.0,0.0
690,Yes,0.0,1.0
691,No,0.6,0.4
692,No,1.0,0.0
693,No,0.8,0.2
694,No,0.4,0.6
695,No,1.0,0.0
696,Yes,1.0,0.0
697,No,0.8,0.2
698,No,1.0,0.0
699,No,1.0,0.0
700,No,1.0,0.0
701,No,1.0,0.0
702,No,1.0,0.0
703,No,0.2,0.8
704,Yes,1.0,0.0
705,No,1.0,0.0
706,No,0.8,0.2
707,No,0.6,0.4
708,No,0.8,0.2
709,No,1.0,0.0
710,No,1.0,0.0
711,No,0.4,0.6
712,No,1.0,0.0
713,No,1.0,0.0
714,No,1.0,0.0
715,No,0.8,0.2
716,No,1.0,0.0
717,Yes,1.0,0.0
718,No,0.8,0.2
719,No,0.2,0.8
720,No,0.0,1.0
721,No,0.6,0.4
722,No,1.0,0.0
723,Yes,1.0,0.0
724,No,1.0,0.0
725,No,0.8,0.2
726,No,1.0,0.0
727,No,0.8,0.2
728,No,0.4,0.6
729,No,0.6,0.4
730,No,0.8,0.2
731,No,0.2,0.8
732,No,1.0,0.0
733,No,1.0,0.0
734,No,0.8,0.2
735,No,0.6,0.4
736,No,0.8,0.2
737,Yes,0.6,0.4
738,No,0.4,0.6
739,No,0.8,0.2
740,No,0.8,0.2
741,No,0.8,0.2
742,No,1.0,0.0
743,No,1.0,0.0
744,No,0.8,0.2
745,No,0.6,0.4
746,No,0.8,0.2
747,No,0.6,0.4
748,No,0.6,0.4
749,No,1.0,0.0
750,No,1.0,0.0
751,No,1.0,0.0
752,No,1.0,0.0
753,Yes,0.8,0.2
754,No,0.4,0.6
755,No,0.8,0.2
756,No,0.8,0.2
757,No,0.6,0.4
758,No,1.0,0.0
759,No,0.6,0.4
760,No,0.8,0.2
761,Yes,1.0,0.0
762,No,0.6,0.4
763,No,0.0,1.0
764,No,0.0,1.0
765,Yes,0.8,0.2
766,Yes,1.0,0.0
767,No,0.6,0.4
768,No,1.0,0.0
769,No,1.0,0.0
770,No,1.0,0.0
771,No,1.0,0.0
772,No,0.6,0.4
773,Yes,1.0,0.0
774,No,0.6,0.4
775,No,1.0,0.0
776,Yes,0.8,0.2
777,No,0.6,0.4
778,Yes,1.0,0.0
779,Yes,0.4,0.6
780,Yes,1.0,0.0
781,No,0.8,0.2
782,No,0.6,0.4
783,No,1.0,0.0
784,No,1.0,0.0
785,Yes,0.8,0.2
786,No,0.6,0.4
787,No,0.4,0.6
788,No,0.8,0.2
789,No,1.0,0.0
790,No,0.4,0.6
791,Yes,1.0,0.0
792,No,1.0,0.0
793,No,0.8,0.2
794,No,1.0,0.0
795,No,1.0,0.0
796,No,0.4,0.6
797,No,1.0,0.0
798,No,1.0,0.0
799,No,1.0,0.0
800,No,0.4,0.6
801,No,0.8,0.2
802,Yes,1.0,0.0
803,No,0.6,0.4
804,No,1.0,0.0
805,No,0.8,0.2
806,Yes,0.8,0.2
807,No,1.0,0.0
808,No,1.0,0.0
809,No,0.6,0.4
810,No,0.6,0.4
811,No,1.0,0.0
812,No,0.4,0.6
813,No,0.6,0.4
814,No,0.8,0.2
815,No,1.0,0.0
816,No,1.0,0.0
817,No,1.0,0.0
818,No,1.0,0.0
819,No,1.0,0.0
820,No,1.0,0.0
821,No,1.0,0.0
822,No,0.8,0.2
823,No,0.8,0.2
824,No,0.4,0.6
825,No,0.8,0.2
826,No,0.8,0.2
827,No,0.8,0.2
828,No,0.4,0.6
829,No,1.0,0.0
830,No,1.0,0.0
831,Yes,0.0,1.0
832,No,1.0,0.0
833,No,0.8,0.2
834,No,0.8,0.2
835,No,0.8,0.2
836,No,0.4,0.6
837,No,1.0,0.0
838,No,0.8,0.2
839,No,0.8,0.2
840,No,1.0,0.0
841,No,1.0,0.0
842,No,1.0,0.0
843,No,1.0,0.0
844,No,1.0,0.0
845,No,0.8,0.2
846,No,0.8,0.2
847,No,1.0,0.0
848,No,1.0,0.0
849,No,1.0,0.0
850,Yes,0.8,0.2
851,No,1.0,0.0
852,No,1.0,0.0
853,No,0.4,0.6
854,No,1.0,0.0
855,Yes,0.4,0.6
856,No,0.6,0.4
857,No,0.4,0.6
858,No,1.0,0.0
859,No,0.8,0.2
860,No,0.8,0.2
861,Yes,1.0,0.0
862,Yes,0.8,0.2
863,No,0.8,0.2
864,No,0.6,0.4
865,No,0.8,0.2
866,No,1.0,0.0
867,Yes,0.4,0.6
868,No,1.0,0.0
869,No,0.4,0.6
870,Yes,1.0,0.0
871,No,0.8,0.2
872,No,1.0,0.0
873,No,1.0,0.0
874,No,1.0,0.0
875,No,0.8,0.2
876,No,0.4,0.6
877,No,0.8,0.2
878,Yes,1.0,0.0
879,No,0.8,0.2
880,No,0.8,0.2
881,No,0.8,0.2
882,No,0.6,0.4
883,No,0.8,0.2
884,No,1.0,0.0
885,No,0.4,0.6
886,Yes,0.6,0.4
887,No,1.0,0.0
888,No,0.8,0.2
889,No,1.0,0.0
890,No,0.8,0.2
891,Yes,0.6,0.4
892,No,0.6,0.4
893,No,1.0,0.0
894,No,1.0,0.0
895,Yes,1.0,0.0
896,No,1.0,0.0
897,No,0.6,0.4
898,No,1.0,0.0
899,No,1.0,0.0
900,No,1.0,0.0
901,Yes,1.0,0.0
902,Yes,0.2,0.8
903,Yes,1.0,0.0
904,No,0.8,0.2
905,Yes,0.8,0.2
906,No,0.8,0.2
907,No,0.0,1.0
908,No,1.0,0.0
909,No,0.6,0.4
910,No,0.8,0.2
911,No,0.8,0.2
912,No,0.6,0.4
913,No,0.4,0.6
914,No,1.0,0.0
915,No,1.0,0.0
916,No,0.8,0.2
917,No,0.6,0.4
918,No,1.0,0.0
919,No,1.0,0.0
920,No,0.6,0.4
921,No,1.0,0.0
922,No,1.0,0.0
923,No,0.8,0.2
924,No,0.4,0.6
925,No,0.4,0.6
926,No,0.0,1.0
927,Yes,1.0,0.0
928,No,1.0,0.0
929,No,0.2,0.8
930,No,0.4,0.6
931,No,1.0,0.0
932,No,0.0,1.0
933,No,0.4,0.6
934,Yes,0.8,0.2
935,No,0.0,1.0
936,Yes,1.0,0.0
937,No,1.0,0.0
938,No,1.0,0.0
939,No,1.0,0.0
940,No,0.8,0.2
941,No,0.4,0.6
942,No,0.8,0.2
943,No,1.0,0.0
944,No,0.6,0.4
945,No,0.4,0.6
946,No,1.0,0.0
947,No,0.8,0.2
948,No,1.0,0.0
949,Yes,0.6,0.4
950,No,1.0,0.0
951,No,0.8,0.2
952,No,0.8,0.2
953,No,1.0,0.0
954,No,1.0,0.0
955,Yes,1.0,0.0
956,No,0.4,0.6
957,No,1.0,0.0
958,No,0.8,0.2
959,No,0.6,0.4
960,No,1.0,0.0
961,No,0.8,0.2
962,No,1.0,0.0
963,Yes,0.6,0.4
964,No,0.8,0.2
965,No,0.8,0.2
966,No,1.0,0.0
967,Yes,0.8,0.2
968,No,0.8,0.2
969,Yes,0.4,0.6
970,Yes,0.8,0.2
971,No,0.4,0.6
972,No,0.6,0.4
973,No,0.8,0.2
974,No,0.8,0.2
975,No,1.0,0.0
976,No,0.2,0.8
977,No,1.0,0.0
978,No,0.4,0.6
979,No,0.0,1.0
980,No,0.2,0.8
981,No,1.0,0.0
982,No,0.6,0.4
983,No,1.0,0.0
984,No,1.0,0.0
985,No,0.0,1.0
986,No,0.8,0.2
987,Yes,0.8,0.2
988,No,0.8,0.2
989,No,1.0,0.0
990,No,0.8,0.2
991,No,0.4,0.6
992,No,0.8,0.2
993,No,0.6,0.4
994,No,1.0,0.0
995,No,0.4,0.6
996,No,0.6,0.4
997,No,1.0,0.0
998,No,1.0,0.0
999,No,0.8,0.2
1000,No,0.6,0.4
1001,No,1.0,0.0
1002,No,1.0,0.0
1003,No,1.0,0.0
1004,No,1.0,0.0
1005,Yes,0.8,0.2
1006,No,1.0,0.0
1007,No,0.8,0.2
1008,No,0.8,0.2
1009,No,0.8,0.2
1010,No,1.0,0.0
1011,No,1.0,0.0
1012,No,1.0,0.0
1013,No,1.0,0.0
1014,No,0.2,0.8
1015,No,0.6,0.4
1016,No,0.4,0.6
1017,Yes,0.4,0.6
1018,No,1.0,0.0
1019,No,0.4,0.6
1020,No,1.0,0.0
1021,No,1.0,0.0
1022,No,0.8,0.2
1023,No,0.4,0.6
1024,No,0.2,0.8
1025,No,0.8,0.2
1026,No,1.0,0.0
1027,No,0.8,0.2
1028,No,0.6,0.4
1029,No,0.6,0.4
1030,No,0.0,1.0
1031,No,0.6,0.4
1032,No,0.8,0.2
1033,No,1.0,0.0
1034,No,0.0,1.0
1035,No,0.4,0.6
1036,No,1.0,0.0
1037,No,0.8,0.2
1038,Yes,0.6,0.4
1039,No,0.6,0.4
1040,No,1.0,0.0
1041,No,0.0,1.0
1042,No,1.0,0.0
1043,No,1.0,0.0
1044,No,1.0,0.0
1045,No,0.6,0.4
1046,No,0.2,0.8
1047,No,0.8,0.2
1048,Yes,0.0,1.0
1049,No,0.6,0.4
1050,No,0.8,0.2
1051,No,0.8,0.2
1052,No,1.0,0.0
1053,No,1.0,0.0
1054,No,1.0,0.0
1055,No,1.0,0.0
1056,Yes,1.0,0.0
1057,No,0.2,0.8
1058,No,0.2,0.8
1059,No,0.6,0.4
1060,No,1.0,0.0
1061,No,0.6,0.4
1062,No,0.8,0.2
1063,No,0.6,0.4
1064,No,0.8,0.2
1065,No,0.6,0.4
1066,Yes,1.0,0.0
1067,No,1.0,0.0
1068,No,0.4,0.6
1069,No,0.6,0.4
1070,No,1.0,0.0
1071,No,1.0,0.0
1072,No,0.4,0.6
1073,Yes,0.6,0.4
1074,Yes,0.6,0.4
1075,Yes,1.0,0.0
1076,No,1.0,0.0
1077,No,0.8,0.2
1078,No,0.6,0.4
1079,No,1.0,0.0
1080,Yes,0.2,0.8
1081,No,1.0,0.0
1082,No,0.6,0.4
1083,No,0.4,0.6
1084,No,0.8,0.2
1085,No,0.4,0.6
1086,No,1.0,0.0
1087,Yes,1.0,0.0
1088,No,0.4,0.6
1089,No,0.6,0.4
1090,No,0.8,0.2
1091,Yes,0.2,0.8
1092,No,0.2,0.8
1093,No,0.4,0.6
1094,No,1.0,0.0
1095,No,1.0,0.0
1096,No,1.0,0.0
1097,Yes,0.4,0.6
1098,No,1.0,0.0
1099,No,1.0,0.0
1100,No,0.8,0.2
1101,No,0.4,0.6
1102,No,0.8,0.2
1103,No,1.0,0.0
1104,No,0.2,0.8
1105,Yes,1.0,0.0
1106,No,0.8,0.2
1107,Yes,1.0,0.0
1108,Yes,0.4,0.6
1109,No,1.0,0.0
1110,No,0.6,0.4
1111,No,0.6,0.4
1112,No,0.8,0.2
1113,No,0.2,0.8
1114,No,1.0,0.0
1115,No,0.8,0.2
1116,No,0.4,0.6
1117,No,1.0,0.0
1118,No,0.8,0.2
1119,No,0.4,0.6
1120,No,1.0,0.0
1121,No,1.0,0.0
1122,No,0.2,0.8
1123,No,0.0,1.0
1124,No,1.0,0.0
1125,No,0.2,0.8
1126,No,1.0,0.0
1127,No,0.6,0.4
1128,No,0.8,0.2
1129,No,0.2,0.8
1130,No,1.0,0.0
1131,No,1.0,0.0
1132,No,0.2,0.8
1133,No,0.4,0.6
1134,No,1.0,0.0
1135,No,0.2,0.8
1136,No,0.8,0.2
1137,No,0.2,0.8
1138,No,0.8,0.2
1139,No,1.0,0.0
1140,No,1.0,0.0
1141,No,0.0,1.0
1142,Yes,0.4,0.6
1143,No,0.4,0.6
1144,No,0.8,0.2
1145,No,0.4,0.6
1146,No,1.0,0.0
1147,No,0.8,0.2
1148,No,1.0,0.0
1149,No,1.0,0.0
1150,No,0.6,0.4
1151,No,1.0,0.0
1152,No,0.0,1.0
1153,No,0.2,0.8
1154,No,0.4,0.6
1155,No,0.4,0.6
1156,No,0.0,1.0
1157,No,0.6,0.4
1158,No,0.8,0.2
1159,No,0.6,0.4
1160,No,1.0,0.0
1161,No,0.4,0.6
1162,No,1.0,0.0
1163,No,1.0,0.0
1164,No,0.4,0.6
1165,No,1.0,0.0
1166,No,1.0,0.0
1167,No,1.0,0.0
1168,No,0.6,0.4
1169,No,1.0,0.0
1170,No,0.6,0.4
1171,No,0.6,0.4
1172,No,1.0,0.0
1173,No,0.4,0.6
1174,No,0.8,0.2
1175,Yes,0.4,0.6
1176,No,0.6,0.4
1177,No,1.0,0.0
1178,No,0.4,0.6
1179,No,0.8,0.2
1180,No,0.8,0.2
1181,No,0.6,0.4
1182,No,0.8,0.2
1183,No,1.0,0.0
1184,No,1.0,0.0
1185,No,0.4,0.6
1186,No,0.4,0.6
1187,No,1.0,0.0
1188,No,0.2,0.8
1189,No,0.8,0.2
1190,No,1.0,0.0
1191,No,0.6,0.4
1192,No,0.6,0.4
1193,Yes,0.6,0.4
1194,No,1.0,0.0
1195,No,1.0,0.0
1196,No,0.6,0.4
1197,No,0.8,0.2
1198,No,1.0,0.0
1199,No,0.8,0.2
1200,No,1.0,0.0
1201,No,1.0,0.0
1202,No,1.0,0.0
1203,No,1.0,0.0
1204,No,0.6,0.4
1205,No,0.8,0.2
1206,No,1.0,0.0
1207,No,0.8,0.2
1208,No,1.0,0.0
1209,No,0.2,0.8
1210,No,0.8,0.2
1211,No,0.4,0.6
1212,No,1.0,0.0
1213,No,0.6,0.4
1214,No,1.0,0.0
1215,No,0.0,1.0
1216,No,1.0,0.0
1217,No,0.6,0.4
1218,Yes,1.0,0.0
1219,No,1.0,0.0
1220,No,0.6,0.4
1221,No,0.2,0.8
1222,No,1.0,0.0
1223,No,0.8,0.2
1224,No,0.6,0.4
1225,No,0.4,0.6
1226,No,1.0,0.0
1227,Yes,0.8,0.2
1228,No,1.0,0.0
1229,Yes,1.0,0.0
1230,No,0.6,0.4
1231,No,0.6,0.4
1232,Yes,1.0,0.0
1233,No,1.0,0.0
1234,Yes,0.6,0.4
1235,Yes,1.0,0.0
1236,Yes,0.8,0.2
1237,No,1.0,0.0
1238,No,1.0,0.0
1239,No,0.6,0.4
1240,Yes,1.0,0.0
1241,No,1.0,0.0
1242,No,0.8,0.2
1243,Yes,0.8,0.2
1244,No,0.8,0.2
1245,Yes,0.2,0.8
1246,No,0.8,0.2
1247,Yes,1.0,0.0
1248,No,0.4,0.6
1249,No,1.0,0.0
1250,No,0.6,0.4
1251,No,0.8,0.2
1252,No,1.0,0.0
1253,No,0.0,1.0
1254,No,1.0,0.0
1255,No,0.2,0.8
1256,No,1.0,0.0
1257,No,1.0,0.0
1258,No,1.0,0.0
1259,No,0.6,0.4
1260,No,0.6,0.4
1261,Yes,0.4,0.6
1262,No,0.4,0.6
1263,No,0.6,0.4
1264,Yes,0.6,0.4
1265,No,1.0,0.0
1266,Yes,1.0,0.0
1267,No,0.4,0.6
1268,No,0.8,0.2
1269,No,1.0,0.0
1270,No,0.2,0.8
1271,No,0.6,0.4
1272,No,1.0,0.0
1273,No,0.8,0.2
1274,No,0.0,1.0
1275,No,1.0,0.0
1276,Yes,1.0,0.0
1277,No,1.0,0.0
1278,No,1.0,0.0
1279,No,0.4,0.6
1280,No,1.0,0.0
1281,No,1.0,0.0
1282,No,1.0,0.0
1283,No,1.0,0.0
1284,No,1.0,0.0
1285,No,0.8,0.2
1286,No,1.0,0.0
1287,No,0.2,0.8
1288,Yes,1.0,0.0
1289,No,0.8,0.2
1290,No,0.8,0.2
1291,No,1.0,0.0
1292,No,1.0,0.0
1293,No,0.4,0.6
1294,No,1.0,0.0
1295,No,1.0,0.0
1296,No,0.2,0.8
1297,No,1.0,0.0
1298,No,0.8,0.2
1299,No,0.8,0.2
1300,No,0.6,0.4
1301,No,0.8,0.2
1302,No,0.6,0.4
1303,No,0.8,0.2
1304,No,0.8,0.2
1305,No,0.2,0.8
1306,No,0.6,0.4
1307,No,0.8,0.2
1308,No,0.8,0.2
1309,Yes,1.0,0.0
1310,No,0.4,0.6
1311,No,0.8,0.2
1312,No,1.0,0.0
1313,No,0.6,0.4
1314,No,1.0,0.0
1315,No,0.8,0.2
1316,Yes,0.8,0.2
1317,No,0.6,0.4
1318,No,1.0,0.0
1319,Yes,0.6,0.4
1320,No,1.0,0.0
1321,No,1.0,0.0
1322,No,1.0,0.0
1323,No,0.6,0.4
1324,No,1.0,0.0
1325,No,0.6,0.4
1326,No,0.4,0.6
1327,No,0.6,0.4
1328,No,0.4,0.6
1329,No,0.2,0.8
1330,Yes,1.0,0.0
1331,No,0.8,0.2
1332,No,0.4,0.6
1333,Yes,0.8,0.2
1334,No,1.0,0.0
1335,No,0.8,0.2
1336,No,1.0,0.0
1337,No,0.6,0.4
1338,No,0.6,0.4
1339,No,0.2,0.8
1340,No,0.2,0.8
1341,No,1.0,0.0
1342,Yes,0.8,0.2
1343,No,0.0,1.0
1344,No,0.0,1.0
1345,No,0.4,0.6
1346,No,0.8,0.2
1347,No,0.6,0.4
1348,No,0.6,0.4
1349,No,0.8,0.2
1350,No,0.8,0.2
1351,Yes,1.0,0.0
1352,No,0.4,0.6
1353,No,0.8,0.2
1354,Yes,0.6,0.4
1355,No,1.0,0.0
1356,No,1.0,0.0
1357,No,0.6,0.4
1358,No,0.6,0.4
1359,Yes,0.8,0.2
1360,No,0.4,0.6
1361,No,0.8,0.2
1362,No,0.8,0.2
1363,No,0.8,0.2
1364,No,0.4,0.6
1365,No,0.8,0.2
1366,No,0.0,1.0
1367,No,0.2,0.8
1368,Yes,0.8,0.2
1369,No,1.0,0.0
1370,No,0.8,0.2
1371,No,0.8,0.2
1372,No,0.8,0.2
1373,No,1.0,0.0
1374,No,0.6,0.4
1375,No,0.8,0.2
1376,No,1.0,0.0
1377,No,1.0,0.0
1378,No,0.6,0.4
1379,No,0.6,0.4
1380,No,0.8,0.2
1381,No,1.0,0.0
1382,No,0.8,0.2
1383,No,0.8,0.2
1384,Yes,0.8,0.2
1385,No,0.4,0.6
1386,No,0.8,0.2
1387,No,0.8,0.2
1388,No,0.4,0.6
1389,Yes,0.8,0.2
1390,Yes,0.8,0.2
1391,No,1.0,0.0
1392,No,0.6,0.4
1393,No,0.4,0.6
1394,No,1.0,0.0
1395,No,1.0,0.0
1396,No,0.2,0.8
1397,No,0.8,0.2
1398,No,1.0,0.0
1399,No,0.8,0.2
1400,Yes,1.0,0.0
1401,No,0.8,0.2
1402,No,0.8,0.2
1403,No,0.0,1.0
1404,No,0.8,0.2
1405,No,0.8,0.2
1406,No,0.8,0.2
1407,,0.2,0.8
1408,,0.8,0.2
1409,,0.2,0.8
1410,,1.0,0.0
1411,,0.4,0.6
1412,,0.8,0.2
1413,,0.6,0.4
1414,,0.6,0.4
1415,,0.2,0.8
1416,,0.4,0.6
1417,,0.6,0.4
1418,,0.2,0.8
1419,,0.8,0.2
1420,,0.6,0.4
1421,,0.8,0.2
1422,,0.6,0.4
1423,,0.4,0.6
1424,,0.8,0.2
1425,,0.8,0.2
1426,,1.0,0.0
1427,,1.0,0.0
1428,,1.0,0.0
1429,,0.4,0.6
1430,,1.0,0.0
1431,,0.4,0.6
1432,,0.8,0.2
1433,,0.6,0.4
1434,,0.6,0.4
1435,,1.0,0.0
1436,,0.8,0.2
1437,,1.0,0.0
1438,,0.8,0.2
1439,,1.0,0.0
1440,,0.2,0.8
1441,,0.8,0.2
1442,,0.2,0.8
1443,,0.6,0.4
1444,,0.8,0.2
1445,,0.6,0.4
1446,,0.6,0.4
1447,,0.8,0.2
1448,,1.0,0.0
1449,,0.2,0.8
1450,,1.0,0.0
1451,,0.6,0.4
1452,,0.6,0.4
1453,,1.0,0.0
1454,,1.0,0.0
1455,,0.2,0.8
1456,,1.0,0.0
1457,,0.6,0.4
1458,,1.0,0.0
1459,,0.6,0.4
1460,,0.0,1.0
1461,,0.4,0.6
1462,,0.8,0.2
1463,,0.4,0.6
1464,,1.0,0.0
1465,,1.0,0.0
1466,,1.0,0.0
1467,,1.0,0.0
1468,,1.0,0.0
1469,,0.4,0.6
1470,,0.4,0.6
1471,,0.4,0.6
1472,,1.0,0.0
1473,,0.2,0.8
1474,,0.8,0.2
1475,,1.0,0.0
1476,,0.8,0.2
1477,,0.8,0.2
1478,,0.8,0.2
1479,,1.0,0.0
1480,,0.8,0.2
1481,,0.8,0.2
1482,,0.8,0.2
1483,,1.0,0.0
1484,,1.0,0.0
1485,,1.0,0.0
1486,,0.8,0.2
1487,,0.4,0.6
1488,,0.6,0.4
1489,,1.0,0.0
1490,,0.8,0.2
1491,,0.6,0.4
1492,,0.6,0.4
1493,,1.0,0.0
1494,,1.0,0.0
1495,,1.0,0.0
1496,,0.8,0.2
1497,,0.6,0.4
1498,,0.6,0.4
1499,,0.6,0.4
1500,,0.4,0.6
1501,,0.4,0.6
1502,,1.0,0.0
1503,,0.6,0.4
1504,,1.0,0.0
1505,,1.0,0.0
1506,,0.4,0.6
1507,,0.4,0.6
1508,,0.8,0.2
1509,,0.8,0.2
1510,,0.2,0.8
1511,,0.8,0.2
1512,,0.4,0.6
1513,,0.8,0.2
1514,,0.8,0.2
1515,,1.0,0.0
1516,,0.8,0.2
1517,,1.0,0.0
1518,,0.8,0.2
1519,,0.8,0.2
1520,,0.6,0.4
1521,,1.0,0.0
1522,,0.6,0.4
1523,,0.8,0.2
1524,,0.8,0.2
1525,,0.4,0.6
1526,,1.0,0.0
1527,,0.4,0.6
1528,,0.8,0.2
1529,,0.8,0.2
1530,,1.0,0.0
1531,,0.6,0.4
1532,,0.8,0.2
1533,,1.0,0.0
1534,,0.0,1.0
1535,,0.4,0.6
1536,,0.4,0.6
1537,,0.4,0.6
1538,,1.0,0.0
1539,,1.0,0.0
1540,,1.0,0.0
1541,,1.0,0.0
1542,,0.6,0.4
1543,,1.0,0.0
1544,,0.2,0.8
1545,,0.8,0.2
1546,,1.0,0.0
1547,,0.8,0.2
1548,,1.0,0.0
1549,,0.8,0.2
1550,,1.0,0.0
1551,,1.0,0.0
1552,,1.0,0.0
1553,,1.0,0.0
1554,,0.8,0.2
1555,,0.4,0.6
1556,,0.6,0.4
1557,,1.0,0.0
1558,,0.8,0.2
1559,,0.6,0.4
1560,,1.0,0.0
1561,,1.0,0.0
1562,,0.8,0.2
1563,,0.6,0.4
1564,,0.6,0.4
1565,,1.0,0.0
1566,,1.0,0.0
1567,,0.8,0.2
1568,,0.6,0.4
1569,,0.6,0.4
1570,,1.0,0.0
1571,,0.8,0.2
1572,,0.0,1.0
1573,,0.6,0.4
1574,,1.0,0.0
1575,,0.0,1.0
1576,,0.8,0.2
1577,,1.0,0.0
1578,,0.6,0.4
1579,,0.6,0.4
1580,,0.8,0.2
1581,,0.6,0.4
1582,,0.8,0.2
1583,,0.4,0.6
1584,,1.0,0.0
1585,,1.0,0.0
1586,,1.0,0.0
1587,,1.0,0.0
1588,,0.4,0.6
1589,,0.8,0.2
1590,,0.8,0.2
1591,,1.0,0.0
1592,,0.2,0.8
1593,,0.4,0.6
1594,,1.0,0.0
1595,,1.0,0.0
1596,,0.8,0.2
1597,,0.8,0.2
1598,,1.0,0.0
1599,,1.0,0.0
1600,,0.4,0.6
1601,,0.8,0.2
1602,,0.2,0.8
1603,,1.0,0.0
1604,,1.0,0.0
1605,,1.0,0.0
1606,,0.6,0.4
1607,,0.2,0.8
1608,,0.6,0.4
1609,,0.6,0.4
1610,,1.0,0.0
1611,,1.0,0.0
1612,,0.6,0.4
1613,,0.8,0.2
1614,,0.8,0.2
1615,,0.4,0.6
1616,,1.0,0.0
1617,,0.4,0.6
1618,,0.4,0.6
1619,,0.6,0.4
1620,,0.6,0.4
1621,,0.8,0.2
1622,,1.0,0.0
1623,,1.0,0.0
1624,,0.6,0.4
1625,,1.0,0.0
1626,,0.4,0.6
1627,,0.6,0.4
1628,,0.6,0.4
1629,,0.6,0.4
1630,,0.6,0.4
1631,,0.6,0.4
1632,,0.6,0.4
1633,,0.8,0.2
1634,,0.6,0.4
1635,,0.0,1.0
1636,,0.2,0.8
1637,,0.2,0.8
1638,,0.4,0.6
1639,,1.0,0.0
1640,,1.0,0.0
1641,,0.8,0.2
1642,,1.0,0.0
1643,,1.0,0.0
1644,,0.4,0.6
1645,,0.8,0.2
1646,,0.8,0.2
1647,,1.0,0.0
1648,,1.0,0.0
1649,,1.0,0.0
1650,,1.0,0.0
1651,,0.4,0.6
1652,,0.8,0.2
1653,,1.0,0.0
1654,,0.8,0.2
1655,,0.0,1.0
1656,,1.0,0.0
1657,,0.6,0.4
1658,,0.0,1.0
1659,,1.0,0.0
1660,,0.0,1.0
1661,,0.6,0.4
1662,,0.6,0.4
1663,,1.0,0.0
1664,,1.0,0.0
1665,,0.8,0.2
1666,,0.8,0.2
1667,,0.6,0.4
1668,,0.4,0.6
1669,,1.0,0.0
1670,,0.8,0.2
1671,,1.0,0.0
1672,,0.4,0.6
1673,,0.2,0.8
1674,,0.6,0.4
1675,,0.2,0.8
1676,,1.0,0.0
1677,,0.8,0.2
1678,,1.0,0.0
1679,,1.0,0.0
1680,,0.2,0.8
1681,,0.8,0.2
1682,,1.0,0.0
1683,,0.8,0.2
1684,,0.6,0.4
1685,,1.0,0.0
1686,,0.0,1.0
1687,,0.8,0.2
1688,,1.0,0.0
1689,,0.4,0.6
1690,,0.0,1.0
1691,,0.8,0.2
1692,,0.6,0.4
1693,,0.4,0.6
1694,,0.8,0.2
1695,,0.6,0.4
1696,,0.2,0.8
1697,,0.8,0.2
1698,,1.0,0.0
1699,,0.8,0.2
1700,,1.0,0.0
1701,,0.8,0.2
1702,,0.8,0.2
1703,,0.8,0.2
1704,,0.4,0.6
1705,,0.2,0.8
1706,,1.0,0.0
1707,,1.0,0.0
1708,,0.4,0.6
1709,,0.6,0.4
1710,,0.8,0.2
1711,,0.6,0.4
1712,,0.0,1.0
1713,,1.0,0.0
1714,,0.2,0.8
1715,,1.0,0.0
1716,,1.0,0.0
1717,,1.0,0.0
1718,,1.0,0.0
1719,,0.6,0.4
1720,,1.0,0.0
1721,,1.0,0.0
1722,,0.6,0.4
1723,,0.6,0.4
1724,,0.0,1.0
1725,,0.8,0.2
1726,,0.8,0.2
1727,,1.0,0.0
1728,,1.0,0.0
1729,,1.0,0.0
1730,,1.0,0.0
1731,,0.8,0.2
1732,,0.6,0.4
1733,,0.4,0.6
1734,,0.6,0.4
1735,,0.8,0.2
1736,,0.6,0.4
1737,,0.6,0.4
1738,,0.4,0.6
1739,,1.0,0.0
1740,,1.0,0.0
1741,,1.0,0.0
1742,,1.0,0.0
1743,,0.2,0.8
1744,,1.0,0.0
1745,,1.0,0.0
1746,,1.0,0.0
1747,,0.8,0.2
1748,,0.2,0.8
1749,,1.0,0.0
1750,,0.6,0.4
1751,,1.0,0.0
1752,,0.6,0.4
1753,,1.0,0.0
1754,,0.0,1.0
1755,,0.6,0.4
1756,,0.8,0.2
1757,,0.6,0.4
1758,,1.0,0.0
1759,,1.0,0.0
1760,,0.6,0.4
1761,,0.6,0.4
1762,,0.8,0.2
1763,,0.8,0.2
1764,,0.8,0.2
1765,,1.0,0.0
1766,,1.0,0.0
1767,,1.0,0.0
1768,,0.0,1.0
1769,,1.0,0.0
1770,,0.4,0.6
1771,,0.4,0.6
1772,,0.8,0.2
1773,,0.2,0.8
1774,,1.0,0.0
1775,,0.6,0.4
1776,,1.0,0.0
1777,,1.0,0.0
1778,,0.4,0.6
1779,,0.8,0.2
1780,,0.8,0.2
1781,,1.0,0.0
1782,,1.0,0.0
1783,,1.0,0.0
1784,,0.2,0.8
1785,,1.0,0.0
1786,,1.0,0.0
1787,,0.4,0.6
1788,,0.8,0.2
1789,,0.8,0.2
1790,,0.6,0.4
1791,,0.8,0.2
1792,,0.6,0.4
1793,,1.0,0.0
1794,,0.8,0.2
1795,,0.8,0.2
1796,,1.0,0.0
1797,,1.0,0.0
1798,,0.8,0.2
1799,,0.8,0.2
1800,,1.0,0.0
1801,,0.6,0.4
1802,,1.0,0.0
1803,,1.0,0.0
1804,,1.0,0.0
1805,,0.6,0.4
1806,,1.0,0.0
1807,,0.8,0.2
1808,,1.0,0.0
1809,,0.4,0.6
1810,,0.8,0.2
1811,,1.0,0.0
1812,,1.0,0.0
1813,,1.0,0.0
1814,,0.2,0.8
1815,,0.8,0.2
1816,,0.0,1.0
1817,,0.8,0.2
1818,,1.0,0.0
1819,,0.8,0.2
1820,,0.8,0.2
1821,,1.0,0.0
1822,,0.4,0.6
1823,,0.2,0.8
1824,,0.6,0.4
1825,,0.8,0.2
1826,,0.8,0.2
1827,,0.0,1.0
1828,,0.4,0.6
1829,,0.8,0.2
1830,,0.6,0.4
1831,,0.8,0.2
1832,,0.8,0.2
1833,,0.0,1.0
1834,,0.4,0.6
1835,,1.0,0.0
1836,,0.8,0.2
1837,,1.0,0.0
1838,,0.8,0.2
1839,,0.8,0.2
1840,,0.6,0.4
1841,,0.2,0.8
1842,,1.0,0.0
1843,,0.4,0.6
1844,,0.8,0.2
1845,,1.0,0.0
1846,,0.6,0.4
1847,,1.0,0.0
1848,,0.6,0.4
1849,,0.6,0.4
1850,,1.0,0.0
1851,,0.8,0.2
1852,,1.0,0.0
1853,,0.0,1.0
1854,,1.0,0.0
1855,,0.8,0.2
1856,,0.2,0.8
1857,,0.4,0.6
1858,,1.0,0.0
1859,,1.0,0.0
1860,,1.0,0.0
1861,,1.0,0.0
1862,,0.4,0.6
1863,,0.2,0.8
1864,,1.0,0.0
1865,,0.6,0.4
1866,,0.2,0.8
1867,,0.6,0.4
1868,,0.2,0.8
1869,,0.8,0.2
1870,,0.8,0.2
1871,,1.0,0.0
1872,,1.0,0.0
1873,,1.0,0.0
1874,,1.0,0.0
1875,,0.8,0.2
1876,,0.0,1.0
1877,,0.2,0.8
1878,,0.6,0.4
1879,,1.0,0.0
1880,,0.2,0.8
1881,,1.0,0.0
1882,,0.8,0.2
1883,,0.6,0.4
1884,,1.0,0.0
1885,,0.8,0.2
1886,,0.8,0.2
1887,,0.6,0.4
1888,,1.0,0.0
1889,,0.6,0.4
1890,,0.8,0.2
1891,,1.0,0.0
1892,,0.8,0.2
1893,,0.6,0.4
1894,,0.2,0.8
1895,,1.0,0.0
1896,,0.6,0.4
1897,,0.8,0.2
1898,,0.8,0.2
1899,,1.0,0.0
1900,,1.0,0.0
1901,,0.8,0.2
1902,,1.0,0.0
1903,,1.0,0.0
1904,,0.8,0.2
1905,,1.0,0.0
1906,,0.8,0.2
1907,,1.0,0.0
1908,,0.8,0.2
1909,,0.4,0.6
1910,,1.0,0.0
1911,,1.0,0.0
1912,,1.0,0.0
1913,,0.6,0.4
1914,,0.8,0.2
1915,,0.4,0.6
1916,,0.6,0.4
1917,,0.6,0.4
1918,,0.4,0.6
1919,,0.8,0.2
1920,,0.8,0.2
1921,,0.8,0.2
1922,,0.4,0.6
1923,,0.6,0.4
1924,,0.2,0.8
1925,,0.4,0.6
1926,,1.0,0.0
1927,,0.6,0.4
1928,,0.6,0.4
1929,,0.2,0.8
1930,,0.4,0.6
1931,,0.8,0.2
1932,,1.0,0.0
1933,,0.6,0.4
1934,,1.0,0.0
1935,,0.8,0.2
1936,,1.0,0.0
1937,,0.8,0.2
1938,,1.0,0.0
1939,,0.2,0.8
1940,,0.4,0.6
1941,,1.0,0.0
1942,,1.0,0.0
1943,,0.8,0.2
1944,,1.0,0.0
1945,,0.8,0.2
1946,,0.2,0.8
1947,,0.0,1.0
1948,,1.0,0.0
1949,,1.0,0.0
1950,,0.8,0.2
1951,,0.8,0.2
1952,,1.0,0.0
1953,,1.0,0.0
1954,,1.0,0.0
1955,,1.0,0.0
1956,,0.6,0.4
1957,,1.0,0.0
1958,,0.6,0.4
1959,,1.0,0.0
1960,,0.4,0.6
1961,,0.8,0.2
1962,,0.4,0.6
1963,,0.8,0.2
1964,,0.8,0.2
1965,,0.8,0.2
1966,,0.4,0.6
1967,,0.4,0.6
1968,,1.0,0.0
1969,,1.0,0.0
1970,,1.0,0.0
1971,,1.0,0.0
1972,,0.2,0.8
1973,,1.0,0.0
1974,,1.0,0.0
1975,,1.0,0.0
1976,,0.6,0.4
1977,,0.6,0.4
1978,,1.0,0.0
1979,,0.8,0.2
1980,,1.0,0.0
1981,,1.0,0.0
1982,,1.0,0.0
1983,,0.8,0.2
1984,,1.0,0.0
1985,,1.0,0.0
1986,,0.6,0.4
1987,,1.0,0.0
1988,,0.0,1.0
1989,,1.0,0.0
1990,,1.0,0.0
1991,,0.8,0.2
1992,,0.4,0.6
1993,,0.8,0.2
1994,,1.0,0.0
1995,,0.4,0.6
1996,,1.0,0.0
1997,,1.0,0.0
1998,,1.0,0.0
1999,,1.0,0.0
2000,,1.0,0.0
2001,,1.0,0.0
2002,,1.0,0.0
2003,,1.0,0.0
2004,,0.8,0.2
2005,,0.8,0.2
2006,,1.0,0.0
2007,,1.0,0.0
2008,,0.4,0.6
2009,,0.6,0.4
2010,,0.2,0.8
2011,,0.4,0.6
2012,,0.8,0.2
2013,,1.0,0.0
2014,,0.6,0.4
2015,,0.6,0.4
2016,,1.0,0.0
2017,,0.8,0.2
2018,,0.8,0.2
2019,,0.8,0.2
2020,,0.6,0.4
2021,,1.0,0.0
2022,,0.6,0.4
2023,,1.0,0.0
2024,,0.6,0.4
2025,,0.6,0.4
2026,,0.6,0.4
2027,,1.0,0.0
2028,,1.0,0.0
2029,,0.6,0.4
2030,,0.2,0.8
2031,,0.6,0.4
2032,,1.0,0.0
2033,,0.8,0.2
2034,,1.0,0.0
2035,,0.6,0.4
2036,,0.6,0.4
2037,,0.6,0.4
2038,,0.8,0.2
2039,,1.0,0.0
2040,,0.6,0.4
2041,,0.8,0.2
2042,,0.8,0.2
2043,,0.2,0.8
2044,,0.8,0.2
2045,,0.8,0.2
2046,,0.8,0.2
2047,,1.0,0.0
2048,,0.8,0.2
2049,,0.8,0.2
2050,,0.6,0.4
2051,,0.6,0.4
2052,,0.6,0.4
2053,,0.8,0.2
2054,,0.4,0.6
2055,,0.6,0.4
2056,,1.0,0.0
2057,,0.8,0.2
2058,,0.4,0.6
2059,,0.4,0.6
2060,,1.0,0.0
2061,,0.2,0.8
2062,,0.2,0.8
2063,,0.8,0.2
2064,,1.0,0.0
2065,,0.8,0.2
2066,,1.0,0.0
2067,,1.0,0.0
2068,,1.0,0.0
2069,,1.0,0.0
2070,,1.0,0.0
2071,,1.0,0.0
2072,,0.0,1.0
2073,,1.0,0.0
2074,,0.8,0.2
2075,,0.6,0.4
2076,,1.0,0.0
2077,,1.0,0.0
2078,,0.8,0.2
2079,,1.0,0.0
2080,,1.0,0.0
2081,,0.2,0.8
2082,,0.2,0.8
2083,,0.2,0.8
2084,,1.0,0.0
2085,,1.0,0.0
2086,,0.6,0.4
2087,,0.6,0.4
2088,,0.6,0.4
2089,,1.0,0.0
2090,,1.0,0.0
2091,,1.0,0.0
2092,,1.0,0.0
2093,,0.8,0.2
2094,,1.0,0.0
2095,,0.8,0.2
2096,,0.6,0.4
2097,,0.6,0.4
2098,,0.8,0.2
2099,,0.8,0.2
2100,,0.8,0.2
2101,,0.8,0.2
2102,,0.4,0.6
2103,,1.0,0.0
2104,,0.6,0.4
2105,,1.0,0.0
2106,,0.6,0.4
2107,,0.8,0.2
2108,,0.8,0.2
2109,,0.6,0.4
2110,,1.0,0.0
2111,,0.6,0.4
2112,,1.0,0.0
2113,,1.0,0.0
2114,,1.0,0.0
2115,,1.0,0.0
2116,,1.0,0.0
2117,,0.2,0.8
2118,,1.0,0.0
2119,,1.0,0.0
2120,,1.0,0.0
2121,,1.0,0.0
2122,,0.6,0.4
2123,,1.0,0.0
2124,,1.0,0.0
2125,,0.8,0.2
2126,,0.8,0.2
2127,,1.0,0.0
2128,,0.6,0.4
2129,,1.0,0.0
2130,,0.8,0.2
2131,,0.4,0.6
2132,,1.0,0.0
2133,,1.0,0.0
2134,,0.8,0.2
2135,,0.8,0.2
2136,,0.8,0.2
2137,,1.0,0.0
2138,,0.8,0.2
2139,,1.0,0.0
2140,,0.8,0.2
2141,,0.8,0.2
2142,,1.0,0.0
2143,,1.0,0.0
2144,,1.0,0.0
2145,,1.0,0.0
2146,,0.2,0.8
2147,,0.0,1.0
2148,,1.0,0.0
2149,,1.0,0.0
2150,,1.0,0.0
2151,,1.0,0.0
2152,,0.2,0.8
2153,,0.8,0.2
2154,,1.0,0.0
2155,,0.8,0.2
2156,,0.6,0.4
2157,,1.0,0.0
2158,,0.8,0.2
2159,,0.4,0.6
2160,,0.6,0.4
2161,,0.6,0.4
2162,,1.0,0.0
2163,,1.0,0.0
2164,,0.8,0.2
2165,,0.6,0.4
2166,,0.2,0.8
2167,,1.0,0.0
2168,,1.0,0.0
2169,,0.8,0.2
2170,,0.4,0.6
2171,,1.0,0.0
2172,,1.0,0.0
2173,,1.0,0.0
2174,,1.0,0.0
2175,,0.2,0.8
2176,,0.4,0.6
2177,,1.0,0.0
2178,,1.0,0.0
2179,,1.0,0.0
2180,,1.0,0.0
2181,,0.4,0.6
2182,,1.0,0.0
2183,,1.0,0.0
2184,,0.6,0.4
2185,,1.0,0.0
2186,,1.0,0.0
2187,,0.6,0.4
2188,,0.4,0.6
2189,,0.2,0.8
2190,,1.0,0.0
2191,,0.4,0.6
2192,,1.0,0.0
2193,,1.0,0.0
2194,,0.8,0.2
2195,,0.0,1.0
2196,,0.4,0.6
2197,,0.8,0.2
2198,,0.2,0.8
2199,,0.2,0.8
2200,,1.0,0.0
2201,,1.0,0.0
2202,,0.4,0.6
2203,,0.2,0.8
2204,,0.8,0.2
2205,,0.4,0.6
2206,,0.4,0.6
2207,,1.0,0.0
2208,,1.0,0.0
2209,,0.8,0.2
2210,,0.4,0.6
2211,,0.8,0.2
2212,,0.2,0.8
2213,,1.0,0.0
2214,,1.0,0.0
2215,,0.8,0.2
2216,,0.6,0.4
2217,,0.6,0.4
2218,,0.4,0.6
2219,,1.0,0.0
2220,,0.8,0.2
2221,,0.6,0.4
2222,,1.0,0.0
2223,,0.8,0.2
2224,,1.0,0.0
2225,,0.4,0.6
2226,,0.6,0.4
2227,,1.0,0.0
2228,,0.6,0.4
2229,,0.4,0.6
2230,,0.4,0.6
2231,,0.8,0.2
2232,,1.0,0.0
2233,,0.2,0.8
2234,,1.0,0.0
2235,,0.4,0.6
2236,,0.6,0.4
2237,,0.2,0.8
2238,,1.0,0.0
2239,,0.8,0.2
2240,,0.4,0.6
2241,,0.8,0.2
2242,,0.6,0.4
2243,,0.6,0.4
2244,,0.2,0.8
2245,,0.6,0.4
2246,,0.4,0.6
2247,,1.0,0.0
2248,,0.2,0.8
2249,,0.6,0.4
2250,,1.0,0.0
2251,,1.0,0.0
2252,,0.6,0.4
2253,,0.6,0.4
2254,,1.0,0.0
2255,,0.8,0.2
2256,,0.8,0.2
2257,,0.8,0.2
2258,,1.0,0.0
2259,,0.2,0.8
2260,,1.0,0.0
2261,,0.4,0.6
2262,,1.0,0.0
2263,,1.0,0.0
2264,,0.8,0.2
2265,,0.6,0.4
2266,,0.4,0.6
2267,,1.0,0.0
2268,,0.2,0.8
2269,,0.4,0.6
2270,,1.0,0.0
2271,,0.4,0.6
2272,,1.0,0.0
2273,,0.2,0.8
2274,,0.8,0.2
2275,,1.0,0.0
2276,,0.8,0.2
2277,,0.8,0.2
2278,,1.0,0.0
2279,,0.8,0.2
2280,,0.6,0.4
2281,,0.4,0.6
2282,,0.8,0.2
2283,,0.8,0.2
2284,,0.0,1.0
2285,,0.2,0.8
2286,,1.0,0.0
2287,,1.0,0.0
2288,,1.0,0.0
2289,,0.4,0.6
2290,,0.8,0.2
2291,,0.6,0.4
2292,,1.0,0.0
2293,,0.6,0.4
2294,,1.0,0.0
2295,,1.0,0.0
2296,,0.8,0.2
2297,,1.0,0.0
2298,,0.4,0.6
2299,,1.0,0.0
2300,,0.8,0.2
2301,,0.4,0.6
2302,,1.0,0.0
2303,,0.6,0.4
2304,,0.4,0.6
2305,,0.0,1.0
2306,,1.0,0.0
2307,,1.0,0.0
2308,,1.0,0.0
2309,,1.0,0.0
2310,,1.0,0.0
2311,,1.0,0.0
2312,,0.8,0.2
2313,,1.0,0.0
2314,,0.4,0.6
2315,,0.8,0.2
2316,,0.6,0.4
2317,,0.6,0.4
2318,,1.0,0.0
2319,,0.0,1.0
2320,,0.6,0.4
2321,,1.0,0.0
2322,,0.8,0.2
2323,,0.8,0.2
2324,,0.4,0.6
2325,,1.0,0.0
2326,,0.8,0.2
2327,,0.6,0.4
2328,,1.0,0.0
2329,,0.0,1.0
2330,,1.0,0.0
2331,,0.8,0.2
2332,,1.0,0.0
2333,,1.0,0.0
2334,,0.2,0.8
2335,,0.2,0.8
2336,,0.6,0.4
2337,,0.6,0.4
2338,,0.4,0.6
2339,,0.6,0.4
2340,,0.8,0.2
2341,,1.0,0.0
2342,,1.0,0.0
2343,,0.2,0.8
2344,,1.0,0.0
2345,,0.6,0.4
2346,,1.0,0.0
2347,,0.8,0.2
2348,,1.0,0.0
2349,,0.8,0.2
2350,,0.8,0.2
2351,,0.4,0.6
2352,,0.6,0.4
2353,,0.4,0.6
2354,,1.0,0.0
2355,,0.6,0.4
2356,,1.0,0.0
2357,,0.8,0.2
2358,,0.8,0.2
2359,,0.6,0.4
2360,,0.8,0.2
2361,,0.6,0.4
2362,,0.8,0.2
2363,,1.0,0.0
2364,,0.0,1.0
2365,,0.6,0.4
2366,,0.8,0.2
2367,,0.6,0.4
2368,,0.8,0.2
2369,,1.0,0.0
2370,,1.0,0.0
2371,,0.4,0.6
2372,,0.2,0.8
2373,,0.6,0.4
2374,,0.2,0.8
2375,,0.8,0.2
2376,,0.4,0.6
2377,,1.0,0.0
2378,,0.0,1.0
2379,,1.0,0.0
2380,,1.0,0.0
2381,,0.6,0.4
2382,,0.8,0.2
2383,,1.0,0.0
2384,,0.8,0.2
2385,,1.0,0.0
2386,,1.0,0.0
2387,,0.8,0.2
2388,,0.8,0.2
2389,,1.0,0.0
2390,,0.2,0.8
2391,,0.8,0.2
2392,,0.6,0.4
2393,,0.8,0.2
2394,,0.8,0.2
2395,,0.6,0.4
2396,,0.4,0.6
2397,,0.8,0.2
2398,,0.8,0.2
2399,,0.0,1.0
2400,,0.8,0.2
2401,,0.6,0.4
2402,,0.4,0.6
2403,,0.6,0.4
2404,,0.4,0.6
2405,,0.8,0.2
2406,,0.4,0.6
2407,,0.8,0.2
2408,,1.0,0.0
2409,,0.8,0.2
2410,,0.4,0.6
2411,,0.8,0.2
2412,,0.8,0.2
2413,,1.0,0.0
2414,,0.8,0.2
2415,,1.0,0.0
2416,,0.4,0.6
2417,,1.0,0.0
2418,,0.8,0.2
2419,,1.0,0.0
2420,,0.4,0.6
2421,,0.6,0.4
2422,,0.6,0.4
2423,,1.0,0.0
2424,,0.6,0.4
2425,,1.0,0.0
2426,,0.6,0.4
2427,,1.0,0.0
2428,,0.8,0.2
2429,,0.2,0.8
2430,,0.6,0.4
2431,,1.0,0.0
2432,,1.0,0.0
2433,,0.2,0.8
2434,,1.0,0.0
2435,,1.0,0.0
2436,,1.0,0.0
2437,,0.6,0.4
2438,,0.6,0.4
2439,,1.0,0.0
2440,,0.2,0.8
2441,,0.4,0.6
2442,,0.4,0.6
2443,,1.0,0.0
2444,,1.0,0.0
2445,,1.0,0.0
2446,,0.6,0.4
2447,,1.0,0.0
2448,,1.0,0.0
2449,,1.0,0.0
2450,,0.6,0.4
2451,,0.4,0.6
2452,,1.0,0.0
2453,,0.0,1.0
2454,,0.6,0.4
2455,,0.6,0.4
2456,,0.8,0.2
2457,,1.0,0.0
2458,,0.8,0.2
2459,,0.6,0.4
2460,,0.8,0.2
2461,,1.0,0.0
2462,,1.0,0.0
2463,,1.0,0.0
2464,,0.4,0.6
2465,,0.6,0.4
2466,,1.0,0.0
2467,,0.2,0.8
2468,,0.4,0.6
2469,,1.0,0.0
2470,,0.8,0.2
2471,,0.6,0.4
2472,,1.0,0.0
2473,,0.2,0.8
2474,,1.0,0.0
2475,,1.0,0.0
2476,,0.8,0.2
2477,,0.8,0.2
2478,,1.0,0.0
2479,,0.0,1.0
2480,,0.8,0.2
2481,,0.4,0.6
2482,,1.0,0.0
2483,,1.0,0.0
2484,,0.8,0.2
2485,,0.2,0.8
2486,,0.8,0.2
2487,,0.4,0.6
2488,,0.2,0.8
2489,,0.4,0.6
2490,,1.0,0.0
2491,,1.0,0.0
2492,,1.0,0.0
2493,,0.6,0.4
2494,,0.2,0.8
2495,,1.0,0.0
2496,,0.8,0.2
2497,,1.0,0.0
2498,,1.0,0.0
2499,,0.8,0.2
2500,,1.0,0.0
2501,,0.6,0.4
2502,,0.0,1.0
2503,,0.2,0.8
2504,,0.8,0.2
2505,,0.8,0.2
2506,,0.6,0.4
2507,,0.6,0.4
2508,,1.0,0.0
2509,,0.0,1.0
2510,,0.6,0.4
2511,,0.2,0.8
2512,,1.0,0.0
2513,,1.0,0.0
2514,,1.0,0.0
2515,,1.0,0.0
2516,,1.0,0.0
2517,,1.0,0.0
2518,,1.0,0.0
2519,,1.0,0.0
2520,,1.0,0.0
2521,,0.8,0.2
2522,,0.4,0.6
2523,,0.4,0.6
2524,,0.8,0.2
2525,,1.0,0.0
2526,,1.0,0.0
2527,,0.2,0.8
2528,,0.8,0.2
2529,,0.6,0.4
2530,,0.4,0.6
2531,,0.8,0.2
2532,,1.0,0.0
2533,,0.4,0.6
2534,,0.4,0.6
2535,,1.0,0.0
2536,,1.0,0.0
2537,,0.8,0.2
2538,,0.8,0.2
2539,,0.8,0.2
2540,,0.4,0.6
2541,,0.8,0.2
2542,,1.0,0.0
2543,,0.6,0.4
2544,,0.2,0.8
2545,,0.2,0.8
2546,,1.0,0.0
2547,,1.0,0.0
2548,,0.2,0.8
2549,,0.4,0.6
2550,,0.8,0.2
2551,,0.0,1.0
2552,,0.6,0.4
2553,,1.0,0.0
2554,,1.0,0.0
2555,,0.8,0.2
2556,,1.0,0.0
2557,,0.8,0.2
2558,,0.4,0.6
2559,,1.0,0.0
2560,,1.0,0.0
2561,,0.8,0.2
2562,,1.0,0.0
2563,,0.4,0.6
2564,,0.6,0.4
2565,,0.2,0.8
2566,,1.0,0.0
2567,,0.6,0.4
2568,,0.8,0.2
2569,,0.8,0.2
2570,,0.8,0.2
2571,,1.0,0.0
2572,,0.6,0.4
2573,,0.2,0.8
2574,,0.0,1.0
2575,,1.0,0.0
2576,,1.0,0.0
2577,,0.8,0.2
2578,,1.0,0.0
2579,,1.0,0.0
2580,,1.0,0.0
2581,,1.0,0.0
2582,,0.8,0.2
2583,,1.0,0.0
2584,,0.6,0.4
2585,,0.6,0.4
2586,,1.0,0.0
2587,,1.0,0.0
2588,,0.6,0.4
2589,,0.8,0.2
2590,,1.0,0.0
2591,,1.0,0.0
2592,,1.0,0.0
2593,,1.0,0.0
2594,,0.8,0.2
2595,,0.8,0.2
2596,,0.8,0.2
2597,,1.0,0.0
2598,,1.0,0.0
2599,,1.0,0.0
2600,,1.0,0.0
2601,,0.8,0.2
2602,,1.0,0.0
2603,,0.2,0.8
2604,,1.0,0.0
2605,,1.0,0.0
2606,,0.8,0.2
2607,,0.6,0.4
2608,,1.0,0.0
2609,,1.0,0.0
2610,,0.8,0.2
2611,,0.6,0.4
2612,,0.6,0.4
2613,,0.6,0.4
2614,,0.6,0.4
2615,,0.8,0.2
2616,,0.4,0.6
2617,,0.8,0.2
2618,,0.6,0.4
2619,,0.8,0.2
2620,,1.0,0.0
2621,,1.0,0.0
2622,,0.2,0.8
2623,,0.4,0.6
2624,,1.0,0.0
2625,,0.8,0.2
2626,,1.0,0.0
2627,,0.6,0.4
2628,,1.0,0.0
2629,,1.0,0.0
2630,,1.0,0.0
2631,,0.8,0.2
2632,,1.0,0.0
2633,,0.8,0.2
2634,,1.0,0.0
2635,,0.4,0.6
2636,,0.6,0.4
2637,,1.0,0.0
2638,,1.0,0.0
2639,,0.8,0.2
2640,,1.0,0.0
2641,,0.2,0.8
2642,,1.0,0.0
2643,,1.0,0.0
2644,,0.4,0.6
2645,,1.0,0.0
2646,,0.4,0.6
2647,,1.0,0.0
2648,,1.0,0.0
2649,,0.4,0.6
2650,,1.0,0.0
2651,,1.0,0.0
2652,,1.0,0.0
2653,,1.0,0.0
2654,,0.6,0.4
2655,,0.6,0.4
2656,,1.0,0.0
2657,,0.2,0.8
2658,,0.4,0.6
2659,,0.2,0.8
2660,,1.0,0.0
2661,,1.0,0.0
2662,,0.8,0.2
2663,,0.4,0.6
2664,,0.4,0.6
2665,,1.0,0.0
2666,,0.6,0.4
2667,,1.0,0.0
2668,,0.8,0.2
2669,,0.8,0.2
2670,,0.2,0.8
2671,,1.0,0.0
2672,,0.8,0.2
2673,,0.8,0.2
2674,,1.0,0.0
2675,,0.8,0.2
2676,,0.8,0.2
2677,,1.0,0.0
2678,,1.0,0.0
2679,,0.8,0.2
2680,,0.0,1.0
2681,,1.0,0.0
2682,,0.8,0.2
2683,,0.2,0.8
2684,,0.6,0.4
2685,,0.8,0.2
2686,,0.6,0.4
2687,,0.6,0.4
2688,,0.8,0.2
2689,,1.0,0.0
2690,,1.0,0.0
2691,,0.8,0.2
2692,,1.0,0.0
2693,,0.8,0.2
2694,,0.8,0.2
2695,,1.0,0.0
2696,,0.6,0.4
2697,,0.6,0.4
2698,,0.6,0.4
2699,,1.0,0.0
2700,,0.8,0.2
2701,,0.8,0.2
2702,,0.6,0.4
2703,,1.0,0.0
2704,,0.2,0.8
2705,,0.6,0.4
2706,,0.6,0.4
2707,,1.0,0.0
2708,,0.8,0.2
2709,,0.6,0.4
2710,,1.0,0.0
2711,,0.8,0.2
2712,,0.2,0.8
2713,,0.2,0.8
2714,,0.6,0.4
2715,,1.0,0.0
2716,,1.0,0.0
2717,,0.8,0.2
2718,,0.6,0.4
2719,,1.0,0.0
2720,,0.6,0.4
2721,,0.4,0.6
2722,,0.0,1.0
2723,,1.0,0.0
2724,,0.4,0.6
2725,,1.0,0.0
2726,,0.8,0.2
2727,,0.8,0.2
2728,,0.6,0.4
2729,,0.6,0.4
2730,,1.0,0.0
2731,,0.8,0.2
2732,,1.0,0.0
2733,,0.8,0.2
2734,,1.0,0.0
2735,,0.8,0.2
2736,,0.8,0.2
2737,,1.0,0.0
2738,,0.8,0.2
2739,,0.6,0.4
2740,,0.8,0.2
2741,,0.8,0.2
2742,,0.8,0.2
2743,,0.8,0.2
2744,,0.8,0.2
2745,,0.2,0.8
2746,,1.0,0.0
2747,,0.8,0.2
2748,,0.6,0.4
2749,,0.4,0.6
2750,,1.0,0.0
2751,,1.0,0.0
2752,,0.6,0.4
2753,,0.2,0.8
2754,,1.0,0.0
2755,,1.0,0.0
2756,,0.8,0.2
2757,,0.8,0.2
2758,,0.4,0.6
2759,,1.0,0.0
2760,,1.0,0.0
2761,,1.0,0.0
2762,,0.2,0.8
2763,,0.2,0.8
2764,,0.8,0.2
2765,,1.0,0.0
2766,,0.6,0.4
2767,,1.0,0.0
2768,,0.8,0.2
2769,,0.6,0.4
2770,,1.0,0.0
2771,,0.6,0.4
2772,,0.8,0.2
2773,,0.6,0.4
2774,,0.8,0.2
2775,,1.0,0.0
2776,,1.0,0.0
2777,,1.0,0.0
2778,,0.8,0.2
2779,,0.6,0.4
2780,,0.4,0.6
2781,,0.4,0.6
2782,,1.0,0.0
2783,,0.6,0.4
2784,,1.0,0.0
2785,,0.2,0.8
2786,,0.4,0.6
2787,,1.0,0.0
2788,,0.4,0.6
2789,,1.0,0.0
2790,,0.8,0.2
2791,,0.4,0.6
2792,,0.8,0.2
2793,,0.8,0.2
2794,,0.4,0.6
2795,,1.0,0.0
2796,,1.0,0.0
2797,,0.8,0.2
2798,,1.0,0.0
2799,,1.0,0.0
2800,,0.8,0.2
2801,,1.0,0.0
2802,,1.0,0.0
2803,,0.4,0.6
2804,,1.0,0.0
2805,,0.4,0.6
2806,,0.0,1.0
2807,,0.6,0.4
2808,,0.8,0.2
2809,,0.8,0.2
2810,,0.8,0.2
2811,,0.8,0.2
2812,,1.0,0.0
2813,,1.0,0.0
2814,,0.6,0.4
2815,,0.8,0.2
2816,,0.4,0.6
2817,,0.6,0.4
2818,,0.8,0.2
2819,,1.0,0.0
2820,,0.0,1.0
2821,,1.0,0.0
2822,,0.4,0.6
2823,,0.4,0.6
2824,,0.8,0.2
2825,,0.6,0.4
2826,,0.6,0.4
2827,,0.8,0.2
2828,,1.0,0.0
2829,,0.2,0.8
2830,,0.6,0.4
2831,,1.0,0.0
2832,,0.8,0.2
2833,,1.0,0.0
2834,,1.0,0.0
2835,,0.8,0.2
2836,,0.4,0.6
2837,,0.8,0.2
2838,,1.0,0.0
2839,,1.0,0.0
2840,,1.0,0.0
2841,,1.0,0.0
2842,,0.8,0.2
2843,,1.0,0.0
2844,,0.6,0.4
2845,,0.6,0.4
2846,,0.6,0.4
2847,,0.8,0.2
2848,,1.0,0.0
2849,,0.6,0.4
2850,,1.0,0.0
2851,,1.0,0.0
2852,,0.4,0.6
2853,,1.0,0.0
2854,,0.4,0.6
2855,,1.0,0.0
2856,,0.2,0.8
2857,,1.0,0.0
2858,,1.0,0.0
2859,,1.0,0.0
2860,,1.0,0.0
2861,,1.0,0.0
2862,,0.8,0.2
2863,,1.0,0.0
2864,,1.0,0.0
2865,,0.8,0.2
2866,,0.6,0.4
2867,,0.6,0.4
2868,,0.8,0.2
2869,,0.4,0.6
2870,,1.0,0.0
2871,,1.0,0.0
2872,,1.0,0.0
2873,,0.6,0.4
2874,,1.0,0.0
2875,,0.4,0.6
2876,,1.0,0.0
2877,,0.6,0.4
2878,,0.8,0.2
2879,,1.0,0.0
2880,,0.6,0.4
2881,,0.6,0.4
2882,,0.8,0.2
2883,,1.0,0.0
2884,,1.0,0.0
2885,,0.8,0.2
2886,,0.8,0.2
2887,,0.6,0.4
2888,,1.0,0.0
2889,,0.4,0.6
2890,,0.8,0.2
2891,,0.8,0.2
2892,,1.0,0.0
2893,,0.4,0.6
2894,,0.6,0.4
2895,,1.0,0.0
2896,,1.0,0.0
2897,,0.8,0.2
2898,,0.6,0.4
2899,,0.8,0.2
2900,,0.2,0.8
2901,,1.0,0.0
2902,,1.0,0.0
2903,,0.4,0.6
2904,,0.8,0.2
2905,,1.0,0.0
2906,,0.4,0.6
2907,,1.0,0.0
2908,,0.8,0.2
2909,,1.0,0.0
2910,,1.0,0.0
2911,,0.6,0.4
2912,,1.0,0.0
2913,,0.6,0.4
2914,,0.8,0.2
2915,,1.0,0.0
2916,,0.6,0.4
2917,,0.2,0.8
2918,,1.0,0.0
2919,,1.0,0.0
2920,,0.8,0.2
2921,,1.0,0.0
2922,,0.8,0.2
2923,,1.0,0.0
2924,,1.0,0.0
2925,,1.0,0.0
2926,,0.6,0.4
2927,,0.6,0.4
2928,,0.6,0.4
2929,,0.6,0.4
2930,,0.8,0.2
2931,,0.6,0.4
2932,,1.0,0.0
2933,,1.0,0.0
2934,,0.2,0.8
2935,,0.6,0.4
2936,,0.8,0.2
2937,,1.0,0.0
2938,,0.8,0.2
2939,,1.0,0.0
2940,,0.6,0.4
2941,,0.6,0.4
2942,,0.2,0.8
2943,,0.4,0.6
2944,,0.6,0.4
2945,,0.0,1.0
2946,,1.0,0.0
2947,,0.4,0.6
2948,,0.8,0.2
2949,,0.6,0.4
2950,,0.2,0.8
2951,,1.0,0.0
2952,,0.8,0.2
2953,,0.8,0.2
2954,,1.0,0.0
2955,,0.8,0.2
2956,,0.2,0.8
2957,,1.0,0.0
2958,,0.4,0.6
2959,,0.8,0.2
2960,,0.8,0.2
2961,,0.4,0.6
2962,,0.4,0.6
2963,,0.8,0.2
2964,,0.6,0.4
2965,,1.0,0.0
2966,,1.0,0.0
2967,,1.0,0.0
2968,,0.2,0.8
2969,,0.4,0.6
2970,,0.8,0.2
2971,,0.8,0.2
2972,,0.8,0.2
2973,,1.0,0.0
2974,,1.0,0.0
2975,,1.0,0.0
2976,,0.6,0.4
2977,,0.6,0.4
2978,,0.8,0.2
2979,,1.0,0.0
2980,,0.2,0.8
2981,,0.8,0.2
2982,,0.8,0.2
2983,,0.4,0.6
2984,,1.0,0.0
2985,,0.8,0.2
2986,,1.0,0.0
2987,,0.2,0.8
2988,,0.6,0.4
2989,,1.0,0.0
2990,,1.0,0.0
2991,,1.0,0.0
2992,,1.0,0.0
2993,,0.8,0.2
2994,,0.6,0.4
2995,,1.0,0.0
2996,,0.4,0.6
2997,,0.6,0.4
2998,,0.4,0.6
2999,,1.0,0.0
3000,,0.0,1.0
3001,,0.4,0.6
3002,,0.2,0.8
3003,,1.0,0.0
3004,,0.6,0.4
3005,,0.8,0.2
3006,,0.6,0.4
3007,,0.8,0.2
3008,,1.0,0.0
3009,,0.6,0.4
3010,,0.8,0.2
3011,,1.0,0.0
3012,,0.8,0.2
3013,,0.6,0.4
3014,,0.6,0.4
3015,,0.8,0.2
3016,,0.8,0.2
3017,,1.0,0.0
3018,,1.0,0.0
3019,,1.0,0.0
3020,,0.8,0.2
3021,,1.0,0.0
3022,,1.0,0.0
3023,,1.0,0.0
3024,,0.4,0.6
3025,,1.0,0.0
3026,,0.6,0.4
3027,,0.4,0.6
3028,,0.8,0.2
3029,,1.0,0.0
3030,,1.0,0.0
3031,,0.2,0.8
3032,,0.8,0.2
3033,,1.0,0.0
3034,,1.0,0.0
3035,,0.6,0.4
3036,,0.6,0.4
3037,,0.2,0.8
3038,,0.6,0.4
3039,,1.0,0.0
3040,,0.8,0.2
3041,,1.0,0.0
3042,,0.0,1.0
3043,,1.0,0.0
3044,,0.6,0.4
3045,,1.0,0.0
3046,,0.2,0.8
3047,,0.2,0.8
3048,,1.0,0.0
3049,,0.8,0.2
3050,,0.6,0.4
3051,,0.0,1.0
3052,,1.0,0.0
3053,,0.8,0.2
3054,,0.8,0.2
3055,,0.6,0.4
3056,,0.8,0.2
3057,,0.8,0.2
3058,,0.2,0.8
3059,,0.4,0.6
3060,,0.4,0.6
3061,,0.4,0.6
3062,,0.6,0.4
3063,,0.8,0.2
3064,,1.0,0.0
3065,,1.0,0.0
3066,,0.8,0.2
3067,,1.0,0.0
3068,,1.0,0.0
3069,,0.8,0.2
3070,,0.8,0.2
3071,,0.4,0.6
3072,,1.0,0.0
3073,,0.2,0.8
3074,,0.6,0.4
3075,,1.0,0.0
3076,,1.0,0.0
3077,,0.4,0.6
3078,,1.0,0.0
3079,,0.6,0.4
3080,,0.4,0.6
3081,,1.0,0.0
3082,,1.0,0.0
3083,,1.0,0.0
3084,,0.6,0.4
3085,,0.2,0.8
3086,,0.2,0.8
3087,,1.0,0.0
3088,,0.8,0.2
3089,,0.8,0.2
3090,,0.6,0.4
3091,,0.4,0.6
3092,,0.8,0.2
3093,,0.4,0.6
3094,,0.6,0.4
3095,,0.4,0.6
3096,,0.6,0.4
3097,,1.0,0.0
3098,,0.6,0.4
3099,,1.0,0.0
3100,,1.0,0.0
3101,,0.6,0.4
3102,,0.8,0.2
3103,,0.8,0.2
3104,,1.0,0.0
3105,,1.0,0.0
3106,,0.0,1.0
3107,,0.8,0.2
3108,,1.0,0.0
3109,,0.8,0.2
3110,,0.4,0.6
3111,,1.0,0.0
3112,,1.0,0.0
3113,,1.0,0.0
3114,,0.8,0.2
3115,,1.0,0.0
3116,,1.0,0.0
3117,,1.0,0.0
3118,,0.8,0.2
3119,,1.0,0.0
3120,,1.0,0.0
3121,,0.8,0.2
3122,,0.4,0.6
3123,,1.0,0.0
3124,,1.0,0.0
3125,,0.6,0.4
3126,,0.6,0.4
3127,,0.6,0.4
3128,,0.8,0.2
3129,,0.0,1.0
3130,,0.4,0.6
3131,,0.4,0.6
3132,,0.6,0.4
3133,,0.8,0.2
3134,,0.8,0.2
3135,,1.0,0.0
3136,,0.4,0.6
3137,,0.8,0.2
3138,,0.4,0.6
3139,,1.0,0.0
3140,,0.4,0.6
3141,,0.0,1.0
3142,,0.8,0.2
3143,,1.0,0.0
3144,,1.0,0.0
3145,,1.0,0.0
3146,,1.0,0.0
3147,,1.0,0.0
3148,,0.6,0.4
3149,,0.4,0.6
3150,,0.8,0.2
3151,,1.0,0.0
3152,,0.8,0.2
3153,,0.4,0.6
3154,,1.0,0.0
3155,,1.0,0.0
3156,,1.0,0.0
3157,,0.6,0.4
3158,,1.0,0.0
3159,,0.6,0.4
3160,,1.0,0.0
3161,,0.8,0.2
3162,,1.0,0.0
3163,,0.8,0.2
3164,,0.6,0.4
3165,,0.6,0.4
3166,,0.8,0.2
3167,,1.0,0.0
3168,,0.8,0.2
3169,,0.4,0.6
3170,,1.0,0.0
3171,,0.4,0.6
3172,,1.0,0.0
3173,,1.0,0.0
3174,,1.0,0.0
3175,,1.0,0.0
3176,,0.8,0.2
3177,,0.6,0.4
3178,,1.0,0.0
3179,,0.4,0.6
3180,,1.0,0.0
3181,,1.0,0.0
3182,,0.8,0.2
3183,,1.0,0.0
3184,,1.0,0.0
3185,,1.0,0.0
3186,,1.0,0.0
3187,,1.0,0.0
3188,,1.0,0.0
3189,,1.0,0.0
3190,,0.8,0.2
3191,,1.0,0.0
3192,,0.4,0.6
3193,,0.6,0.4
3194,,0.6,0.4
3195,,1.0,0.0
3196,,0.8,0.2
3197,,0.6,0.4
3198,,0.6,0.4
3199,,1.0,0.0
3200,,1.0,0.0
3201,,0.6,0.4
3202,,0.2,0.8
3203,,1.0,0.0
3204,,0.0,1.0
3205,,1.0,0.0
3206,,1.0,0.0
3207,,1.0,0.0
3208,,1.0,0.0
3209,,1.0,0.0
3210,,1.0,0.0
3211,,0.8,0.2
3212,,0.8,0.2
3213,,0.2,0.8
3214,,0.8,0.2
3215,,1.0,0.0
3216,,1.0,0.0
3217,,0.8,0.2
3218,,1.0,0.0
3219,,0.4,0.6
3220,,0.8,0.2
3221,,0.6,0.4
3222,,0.8,0.2
3223,,0.2,0.8
3224,,0.4,0.6
3225,,1.0,0.0
3226,,1.0,0.0
3227,,1.0,0.0
3228,,0.4,0.6
3229,,0.6,0.4
3230,,0.4,0.6
3231,,0.8,0.2
3232,,0.6,0.4
3233,,0.6,0.4
3234,,0.2,0.8
3235,,1.0,0.0
3236,,1.0,0.0
3237,,0.8,0.2
3238,,0.6,0.4
3239,,1.0,0.0
3240,,1.0,0.0
3241,,1.0,0.0
3242,,0.6,0.4
3243,,0.2,0.8
3244,,1.0,0.0
3245,,0.8,0.2
3246,,0.6,0.4
3247,,1.0,0.0
3248,,1.0,0.0
3249,,0.8,0.2
3250,,0.6,0.4
3251,,0.8,0.2
3252,,0.2,0.8
3253,,0.4,0.6
3254,,1.0,0.0
3255,,0.8,0.2
3256,,1.0,0.0
3257,,0.6,0.4
3258,,0.6,0.4
3259,,0.4,0.6
3260,,0.6,0.4
3261,,0.8,0.2
3262,,0.4,0.6
3263,,1.0,0.0
3264,,1.0,0.0
3265,,0.6,0.4
3266,,0.8,0.2
3267,,0.8,0.2
3268,,1.0,0.0
3269,,0.8,0.2
3270,,1.0,0.0
3271,,0.6,0.4
3272,,1.0,0.0
3273,,0.0,1.0
3274,,1.0,0.0
3275,,1.0,0.0
3276,,0.8,0.2
3277,,0.8,0.2
3278,,0.4,0.6
3279,,1.0,0.0
3280,,1.0,0.0
3281,,0.4,0.6
3282,,1.0,0.0
3283,,0.8,0.2
3284,,1.0,0.0
3285,,1.0,0.0
3286,,1.0,0.0
3287,,1.0,0.0
3288,,0.8,0.2
3289,,1.0,0.0
3290,,1.0,0.0
3291,,1.0,0.0
3292,,0.8,0.2
3293,,1.0,0.0
3294,,0.4,0.6
3295,,0.0,1.0
3296,,1.0,0.0
3297,,0.8,0.2
3298,,1.0,0.0
3299,,1.0,0.0
3300,,0.8,0.2
3301,,1.0,0.0
3302,,0.6,0.4
3303,,0.4,0.6
3304,,0.8,0.2
3305,,0.8,0.2
3306,,1.0,0.0
3307,,0.6,0.4
3308,,0.6,0.4
3309,,1.0,0.0
3310,,0.6,0.4
3311,,0.6,0.4
3312,,0.8,0.2
3313,,1.0,0.0
3314,,0.8,0.2
3315,,1.0,0.0
3316,,1.0,0.0
3317,,0.8,0.2
3318,,0.4,0.6
3319,,0.6,0.4
3320,,1.0,0.0
3321,,1.0,0.0
3322,,1.0,0.0
3323,,0.6,0.4
3324,,0.2,0.8
3325,,1.0,0.0
3326,,0.8,0.2
3327,,1.0,0.0
3328,,0.4,0.6
3329,,0.2,0.8
3330,,0.6,0.4
3331,,1.0,0.0
3332,,0.4,0.6
3333,,1.0,0.0
3334,,1.0,0.0
3335,,1.0,0.0
3336,,0.4,0.6
3337,,1.0,0.0
3338,,0.8,0.2
3339,,0.4,0.6
3340,,0.6,0.4
3341,,1.0,0.0
3342,,1.0,0.0
3343,,0.2,0.8
3344,,0.4,0.6
3345,,1.0,0.0
3346,,0.6,0.4
3347,,1.0,0.0
3348,,0.8,0.2
3349,,0.8,0.2
3350,,0.2,0.8
3351,,1.0,0.0
3352,,0.6,0.4
3353,,1.0,0.0
3354,,0.8,0.2
3355,,0.2,0.8
3356,,1.0,0.0
3357,,0.8,0.2
3358,,0.4,0.6
3359,,1.0,0.0
3360,,0.4,0.6
3361,,0.8,0.2
3362,,0.8,0.2
3363,,0.8,0.2
3364,,0.2,0.8
3365,,0.2,0.8
3366,,0.2,0.8
3367,,1.0,0.0
3368,,0.8,0.2
3369,,0.8,0.2
3370,,0.8,0.2
3371,,1.0,0.0
3372,,0.6,0.4
3373,,0.4,0.6
3374,,0.4,0.6
3375,,1.0,0.0
3376,,0.4,0.6
3377,,0.8,0.2
3378,,1.0,0.0
3379,,1.0,0.0
3380,,0.6,0.4
3381,,0.8,0.2
3382,,1.0,0.0
3383,,1.0,0.0
3384,,1.0,0.0
3385,,0.6,0.4
3386,,0.2,0.8
3387,,1.0,0.0
3388,,0.0,1.0
3389,,1.0,0.0
3390,,0.8,0.2
3391,,1.0,0.0
3392,,1.0,0.0
3393,,0.8,0.2
3394,,1.0,0.0
3395,,0.4,0.6
3396,,1.0,0.0
3397,,0.6,0.4
3398,,1.0,0.0
3399,,0.6,0.4
3400,,0.8,0.2
3401,,0.8,0.2
3402,,0.6,0.4
3403,,1.0,0.0
3404,,0.8,0.2
3405,,1.0,0.0
3406,,1.0,0.0
3407,,0.2,0.8
3408,,0.4,0.6
3409,,1.0,0.0
3410,,0.6,0.4
3411,,1.0,0.0
3412,,1.0,0.0
3413,,0.8,0.2
3414,,0.2,0.8
3415,,1.0,0.0
3416,,1.0,0.0
3417,,0.6,0.4
3418,,0.8,0.2
3419,,0.6,0.4
3420,,0.0,1.0
3421,,1.0,0.0
3422,,0.4,0.6
3423,,1.0,0.0
3424,,0.8,0.2
3425,,0.8,0.2
3426,,0.0,1.0
3427,,0.6,0.4
3428,,0.2,0.8
3429,,0.8,0.2
3430,,0.8,0.2
3431,,0.8,0.2
3432,,1.0,0.0
3433,,1.0,0.0
3434,,1.0,0.0
3435,,1.0,0.0
3436,,0.2,0.8
3437,,0.8,0.2
3438,,0.6,0.4
3439,,0.0,1.0
3440,,1.0,0.0
3441,,0.6,0.4
3442,,1.0,0.0
3443,,0.8,0.2
3444,,1.0,0.0
3445,,1.0,0.0
3446,,0.4,0.6
3447,,0.6,0.4
3448,,0.2,0.8
3449,,0.2,0.8
3450,,0.4,0.6
3451,,0.2,0.8
3452,,0.6,0.4
3453,,0.8,0.2
3454,,1.0,0.0
3455,,1.0,0.0
3456,,1.0,0.0
3457,,0.8,0.2
3458,,1.0,0.0
3459,,0.8,0.2
3460,,1.0,0.0
3461,,1.0,0.0
3462,,0.6,0.4
3463,,0.8,0.2
3464,,0.6,0.4
3465,,0.8,0.2
3466,,1.0,0.0
3467,,1.0,0.0
3468,,1.0,0.0
3469,,1.0,0.0
3470,,0.0,1.0
3471,,1.0,0.0
3472,,1.0,0.0
3473,,1.0,0.0
3474,,0.6,0.4
3475,,1.0,0.0
3476,,0.6,0.4
3477,,1.0,0.0
3478,,0.4,0.6
3479,,0.8,0.2
3480,,1.0,0.0
3481,,0.6,0.4
3482,,1.0,0.0
3483,,0.4,0.6
3484,,0.8,0.2
3485,,1.0,0.0
3486,,1.0,0.0
3487,,0.4,0.6
3488,,0.8,0.2
3489,,0.8,0.2
3490,,0.4,0.6
3491,,0.6,0.4
3492,,1.0,0.0
3493,,1.0,0.0
3494,,0.4,0.6
3495,,0.6,0.4
3496,,1.0,0.0
3497,,1.0,0.0
3498,,0.8,0.2
3499,,0.4,0.6
3500,,0.6,0.4
3501,,0.4,0.6
3502,,0.6,0.4
3503,,0.8,0.2
3504,,0.2,0.8
3505,,1.0,0.0
3506,,0.0,1.0
3507,,0.8,0.2
3508,,0.4,0.6
3509,,0.8,0.2
3510,,0.8,0.2
3511,,0.0,1.0
3512,,1.0,0.0
3513,,1.0,0.0
3514,,0.4,0.6
3515,,0.4,0.6
3516,,1.0,0.0
3517,,0.8,0.2
3518,,1.0,0.0
3519,,1.0,0.0
3520,,0.8,0.2
3521,,0.4,0.6
3522,,1.0,0.0
3523,,1.0,0.0
3524,,0.8,0.2
3525,,0.4,0.6
3526,,1.0,0.0
3527,,1.0,0.0
3528,,0.4,0.6
3529,,1.0,0.0
3530,,0.2,0.8
3531,,1.0,0.0
3532,,1.0,0.0
3533,,0.6,0.4
3534,,0.8,0.2
3535,,0.6,0.4
3536,,1.0,0.0
3537,,1.0,0.0
3538,,0.8,0.2
3539,,0.4,0.6
3540,,1.0,0.0
3541,,1.0,0.0
3542,,1.0,0.0
3543,,0.6,0.4
3544,,1.0,0.0
3545,,0.8,0.2
3546,,1.0,0.0
3547,,0.8,0.2
3548,,0.4,0.6
3549,,0.8,0.2
3550,,0.2,0.8
3551,,1.0,0.0
3552,,1.0,0.0
3553,,0.2,0.8
3554,,1.0,0.0
3555,,0.6,0.4
3556,,0.8,0.2
3557,,0.8,0.2
3558,,0.4,0.6
3559,,0.4,0.6
3560,,0.8,0.2
3561,,0.8,0.2
3562,,0.6,0.4
3563,,0.8,0.2
3564,,0.8,0.2
3565,,0.4,0.6
3566,,1.0,0.0
3567,,0.8,0.2
3568,,1.0,0.0
3569,,1.0,0.0
3570,,0.4,0.6
3571,,0.6,0.4
3572,,0.8,0.2
3573,,1.0,0.0
3574,,0.2,0.8
3575,,0.8,0.2
3576,,0.4,0.6
3577,,0.8,0.2
3578,,0.8,0.2
3579,,1.0,0.0
3580,,0.4,0.6
3581,,0.2,0.8
3582,,1.0,0.0
3583,,1.0,0.0
3584,,0.8,0.2
3585,,0.6,0.4
3586,,0.6,0.4
3587,,0.6,0.4
3588,,0.4,0.6
3589,,1.0,0.0
3590,,0.6,0.4
3591,,0.6,0.4
3592,,0.6,0.4
3593,,1.0,0.0
3594,,0.4,0.6
3595,,1.0,0.0
3596,,0.6,0.4
3597,,1.0,0.0
3598,,0.6,0.4
3599,,0.6,0.4
3600,,1.0,0.0
3601,,0.6,0.4
3602,,0.2,0.8
3603,,0.6,0.4
3604,,1.0,0.0
3605,,1.0,0.0
3606,,1.0,0.0
3607,,1.0,0.0
3608,,1.0,0.0
3609,,0.2,0.8
3610,,1.0,0.0
3611,,1.0,0.0
3612,,1.0,0.0
3613,,1.0,0.0
3614,,1.0,0.0
3615,,0.6,0.4
3616,,0.6,0.4
3617,,0.8,0.2
3618,,1.0,0.0
3619,,1.0,0.0
3620,,0.6,0.4
3621,,0.8,0.2
3622,,0.8,0.2
3623,,1.0,0.0
3624,,0.4,0.6
3625,,0.6,0.4
3626,,0.2,0.8
3627,,1.0,0.0
3628,,0.2,0.8
3629,,0.8,0.2
3630,,1.0,0.0
3631,,0.2,0.8
3632,,0.4,0.6
3633,,1.0,0.0
3634,,1.0,0.0
3635,,1.0,0.0
3636,,0.4,0.6
3637,,0.0,1.0
3638,,0.8,0.2
3639,,1.0,0.0
3640,,0.8,0.2
3641,,0.6,0.4
3642,,0.6,0.4
3643,,0.6,0.4
3644,,1.0,0.0
3645,,0.6,0.4
3646,,0.2,0.8
3647,,0.2,0.8
3648,,0.8,0.2
3649,,0.8,0.2
3650,,0.2,0.8
3651,,1.0,0.0
3652,,0.8,0.2
3653,,0.8,0.2
3654,,1.0,0.0
3655,,0.6,0.4
3656,,1.0,0.0
3657,,0.6,0.4
3658,,0.6,0.4
3659,,0.8,0.2
3660,,1.0,0.0
3661,,0.6,0.4
3662,,1.0,0.0
3663,,0.6,0.4
3664,,0.6,0.4
3665,,0.8,0.2
3666,,0.8,0.2
3667,,1.0,0.0
3668,,0.6,0.4
3669,,0.8,0.2
3670,,1.0,0.0
3671,,0.8,0.2
3672,,0.4,0.6
3673,,0.8,0.2
3674,,1.0,0.0
3675,,0.4,0.6
3676,,0.0,1.0
3677,,0.8,0.2
3678,,1.0,0.0
3679,,0.4,0.6
3680,,1.0,0.0
3681,,0.4,0.6
3682,,1.0,0.0
3683,,1.0,0.0
3684,,0.4,0.6
3685,,0.2,0.8
3686,,1.0,0.0
3687,,0.4,0.6
3688,,0.4,0.6
3689,,0.4,0.6
3690,,0.8,0.2
3691,,0.8,0.2
3692,,0.8,0.2
3693,,0.8,0.2
3694,,0.8,0.2
3695,,1.0,0.0
3696,,1.0,0.0
3697,,1.0,0.0
3698,,1.0,0.0
3699,,0.2,0.8
3700,,1.0,0.0
3701,,0.6,0.4
3702,,1.0,0.0
3703,,1.0,0.0
3704,,1.0,0.0
3705,,0.6,0.4
3706,,1.0,0.0
3707,,1.0,0.0
3708,,0.6,0.4
3709,,0.8,0.2
3710,,0.0,1.0
3711,,0.6,0.4
3712,,1.0,0.0
3713,,0.2,0.8
3714,,0.4,0.6
3715,,0.4,0.6
3716,,1.0,0.0
3717,,1.0,0.0
3718,,0.8,0.2
3719,,0.8,0.2
3720,,1.0,0.0
3721,,0.0,1.0
3722,,0.4,0.6
3723,,0.8,0.2
3724,,0.6,0.4
3725,,0.8,0.2
3726,,0.8,0.2
3727,,0.4,0.6
3728,,0.6,0.4
3729,,1.0,0.0
3730,,0.2,0.8
3731,,1.0,0.0
3732,,0.8,0.2
3733,,0.4,0.6
3734,,1.0,0.0
3735,,1.0,0.0
3736,,0.6,0.4
3737,,0.4,0.6
3738,,1.0,0.0
3739,,0.4,0.6
3740,,1.0,0.0
3741,,0.8,0.2
3742,,1.0,0.0
3743,,0.6,0.4
3744,,0.2,0.8
3745,,1.0,0.0
3746,,0.8,0.2
3747,,1.0,0.0
3748,,1.0,0.0
3749,,0.8,0.2
3750,,0.8,0.2
3751,,0.4,0.6
3752,,0.8,0.2
3753,,1.0,0.0
3754,,0.6,0.4
3755,,1.0,0.0
3756,,0.8,0.2
3757,,1.0,0.0
3758,,1.0,0.0
3759,,0.6,0.4
3760,,0.2,0.8
3761,,0.0,1.0
3762,,1.0,0.0
3763,,0.8,0.2
3764,,0.2,0.8
3765,,0.4,0.6
3766,,1.0,0.0
3767,,0.8,0.2
3768,,0.2,0.8
3769,,0.6,0.4
3770,,1.0,0.0
3771,,0.4,0.6
3772,,1.0,0.0
3773,,0.0,1.0
3774,,0.8,0.2
3775,,0.6,0.4
3776,,0.2,0.8
3777,,0.4,0.6
3778,,1.0,0.0
3779,,0.6,0.4
3780,,0.8,0.2
3781,,1.0,0.0
3782,,0.8,0.2
3783,,1.0,0.0
3784,,0.8,0.2
3785,,0.6,0.4
3786,,0.0,1.0
3787,,0.6,0.4
3788,,0.8,0.2
3789,,0.8,0.2
3790,,0.6,0.4
3791,,1.0,0.0
3792,,1.0,0.0
3793,,1.0,0.0
3794,,1.0,0.0
3795,,0.4,0.6
3796,,0.2,0.8
3797,,0.0,1.0
3798,,1.0,0.0
3799,,0.8,0.2
3800,,1.0,0.0
3801,,0.6,0.4
3802,,0.6,0.4
3803,,1.0,0.0
3804,,0.4,0.6
3805,,0.6,0.4
3806,,0.2,0.8
3807,,1.0,0.0
3808,,0.6,0.4
3809,,0.6,0.4
3810,,0.8,0.2
3811,,0.6,0.4
3812,,0.6,0.4
3813,,0.0,1.0
3814,,0.8,0.2
3815,,0.2,0.8
3816,,0.8,0.2
3817,,1.0,0.0
3818,,0.6,0.4
3819,,1.0,0.0
3820,,0.8,0.2
3821,,0.6,0.4
3822,,0.0,1.0
3823,,1.0,0.0
3824,,1.0,0.0
3825,,0.8,0.2
3826,,0.2,0.8
3827,,1.0,0.0
3828,,1.0,0.0
3829,,1.0,0.0
3830,,0.8,0.2
3831,,0.0,1.0
3832,,1.0,0.0
3833,,1.0,0.0
3834,,1.0,0.0
3835,,0.8,0.2
3836,,0.4,0.6
3837,,0.4,0.6
3838,,0.4,0.6
3839,,1.0,0.0
3840,,0.0,1.0
3841,,0.6,0.4
3842,,0.8,0.2
3843,,0.6,0.4
3844,,1.0,0.0
3845,,0.4,0.6
3846,,0.8,0.2
3847,,0.2,0.8
3848,,0.2,0.8
3849,,1.0,0.0
3850,,0.2,0.8
3851,,0.8,0.2
3852,,0.6,0.4
3853,,0.6,0.4
3854,,0.8,0.2
3855,,1.0,0.0
3856,,1.0,0.0
3857,,0.6,0.4
3858,,0.8,0.2
3859,,1.0,0.0
3860,,0.6,0.4
3861,,1.0,0.0
3862,,1.0,0.0
3863,,0.8,0.2
3864,,0.6,0.4
3865,,0.8,0.2
3866,,0.6,0.4
3867,,0.6,0.4
3868,,0.4,0.6
3869,,0.6,0.4
3870,,0.4,0.6
3871,,0.2,0.8
3872,,0.2,0.8
3873,,0.8,0.2
3874,,0.8,0.2
3875,,0.8,0.2
3876,,1.0,0.0
3877,,0.6,0.4
3878,,0.8,0.2
3879,,0.8,0.2
3880,,0.8,0.2
3881,,0.4,0.6
3882,,0.0,1.0
3883,,1.0,0.0
3884,,0.6,0.4
3885,,0.8,0.2
3886,,0.8,0.2
3887,,0.6,0.4
3888,,1.0,0.0
3889,,1.0,0.0
3890,,0.4,0.6
3891,,1.0,0.0
3892,,0.6,0.4
3893,,1.0,0.0
3894,,1.0,0.0
3895,,0.6,0.4
3896,,0.6,0.4
3897,,1.0,0.0
3898,,1.0,0.0
3899,,0.8,0.2
3900,,0.2,0.8
3901,,0.6,0.4
3902,,1.0,0.0
3903,,0.2,0.8
3904,,0.4,0.6
3905,,1.0,0.0
3906,,1.0,0.0
3907,,0.6,0.4
3908,,0.4,0.6
3909,,0.8,0.2
3910,,0.6,0.4
3911,,1.0,0.0
3912,,0.4,0.6
3913,,0.8,0.2
3914,,1.0,0.0
3915,,1.0,0.0
3916,,0.6,0.4
3917,,0.8,0.2
3918,,0.2,0.8
3919,,0.2,0.8
3920,,0.6,0.4
3921,,0.6,0.4
3922,,0.8,0.2
3923,,0.8,0.2
3924,,0.6,0.4
3925,,1.0,0.0
3926,,0.6,0.4
3927,,0.4,0.6
3928,,1.0,0.0
3929,,0.6,0.4
3930,,0.8,0.2
3931,,0.6,0.4
3932,,0.6,0.4
3933,,0.4,0.6
3934,,1.0,0.0
3935,,0.8,0.2
3936,,1.0,0.0
